Respondent_ID,gender,age,Investment_Avenues,Factor,Objective,Purpose,Duration,Invest_Monitor,Expect,Avenue,What are your savings objectives?,Reason_Equity,Reason_Mutual,Reason_Bonds,Reason_FD,Source,Gender_Key
1,Female,34.0,Yes,Returns,Capital Appreciation,Wealth Creation,1-3 years,Monthly,20%-30%,Mutual Fund,Retirement Plan,Capital Appreciation,Better Returns,Safe Investment,Fixed Returns,Newspapers and Magazines,female
2,Female,23.0,Yes,Locking Period,Capital Appreciation,Wealth Creation,More than 5 years,Weekly,20%-30%,Mutual Fund,Health Care,Dividend,Better Returns,Safe Investment,High Interest Rates,Financial Consultants,female
3,Male,30.0,Yes,Returns,Capital Appreciation,Wealth Creation,3-5 years,Daily,20%-30%,Equity,Retirement Plan,Capital Appreciation,Tax Benefits,Assured Returns,Fixed Returns,Television,male
4,Male,22.0,Yes,Returns,Income,Wealth Creation,Less than 1 year,Daily,10%-20%,Equity,Retirement Plan,Dividend,Fund Diversification,Tax Incentives,High Interest Rates,Internet,male
5,Female,24.0,No,Returns,Income,Wealth Creation,Less than 1 year,Daily,20%-30%,Equity,Retirement Plan,Capital Appreciation,Better Returns,Safe Investment,Risk Free,Internet,female
6,Female,24.0,No,Risk,Capital Appreciation,Wealth Creation,1-3 years,Daily,30%-40%,Mutual Fund,Retirement Plan,Liquidity,Fund Diversification,Safe Investment,Risk Free,Internet,female
7,Female,27.0,Yes,Returns,Capital Appreciation,Wealth Creation,3-5 years,Monthly,20%-30%,Equity,Retirement Plan,Capital Appreciation,Better Returns,Assured Returns,High Interest Rates,Financial Consultants,female
8,Male,21.0,Yes,Risk,Capital Appreciation,Wealth Creation,3-5 years,Monthly,20%-30%,Mutual Fund,Retirement Plan,Capital Appreciation,Better Returns,Assured Returns,Risk Free,Newspapers and Magazines,male
9,Male,35.0,Yes,Returns,Growth,Savings for Future,1-3 years,Weekly,20%-30%,Equity,Retirement Plan,Capital Appreciation,Fund Diversification,Safe Investment,Fixed Returns,Television,male
10,Male,31.0,Yes,Returns,Capital Appreciation,Wealth Creation,3-5 years,Monthly,30%-40%,Fixed Deposits,Retirement Plan,Capital Appreciation,Fund Diversification,Assured Returns,Fixed Returns,Newspapers and Magazines,male
11,Female,35.0,Yes,Risk,Growth,Savings for Future,3-5 years,Monthly,20%-30%,Mutual Fund,Retirement Plan,Capital Appreciation,Better Returns,Assured Returns,Risk Free,Financial Consultants,female
12,Male,29.0,Yes,Risk,Capital Appreciation,Wealth Creation,1-3 years,Monthly,20%-30%,Mutual Fund,Retirement Plan,Capital Appreciation,Fund Diversification,Assured Returns,Fixed Returns,Financial Consultants,male
13,Female,21.0,No,Returns,Capital Appreciation,Savings for Future,1-3 years,Weekly,20%-30%,Mutual Fund,Education,Dividend,Better Returns,Safe Investment,Risk Free,Internet,female
14,Female,28.0,Yes,Returns,Capital Appreciation,Wealth Creation,1-3 years,Monthly,20%-30%,Mutual Fund,Retirement Plan,Capital Appreciation,Fund Diversification,Assured Returns,Risk Free,Newspapers and Magazines,female
15,Female,25.0,Yes,Returns,Capital Appreciation,Wealth Creation,1-3 years,Monthly,20%-30%,Fixed Deposits,Health Care,Dividend,Better Returns,Assured Returns,Risk Free,Financial Consultants,female
16,Male,27.0,Yes,Returns,Capital Appreciation,Wealth Creation,1-3 years,Monthly,20%-30%,Mutual Fund,Health Care,Capital Appreciation,Fund Diversification,Assured Returns,Risk Free,Newspapers and Magazines,male
17,Female,28.0,Yes,Risk,Growth,Wealth Creation,1-3 years,Monthly,20%-30%,Fixed Deposits,Health Care,Capital Appreciation,Fund Diversification,Assured Returns,Risk Free,Television,female
18,Male,27.0,Yes,Returns,Capital Appreciation,Wealth Creation,1-3 years,Monthly,20%-30%,Mutual Fund,Retirement Plan,Capital Appreciation,Better Returns,Assured Returns,Risk Free,Financial Consultants,male
19,Male,29.0,Yes,Risk,Capital Appreciation,Wealth Creation,1-3 years,Monthly,20%-30%,Mutual Fund,Retirement Plan,Capital Appreciation,Better Returns,Assured Returns,Risk Free,Newspapers and Magazines,male
20,Male,26.0,Yes,Risk,Capital Appreciation,Wealth Creation,3-5 years,Monthly,20%-30%,Fixed Deposits,Health Care,Capital Appreciation,Fund Diversification,Assured Returns,Risk Free,Newspapers and Magazines,male
21,Male,29.0,Yes,Returns,Growth,Wealth Creation,3-5 years,Weekly,20%-30%,Mutual Fund,Retirement Plan,Capital Appreciation,Better Returns,Assured Returns,Fixed Returns,Financial Consultants,male
22,Female,24.0,Yes,Risk,Capital Appreciation,Wealth Creation,3-5 years,Monthly,20%-30%,Equity,Health Care,Capital Appreciation,Better Returns,Assured Returns,Risk Free,Newspapers and Magazines,female
23,Male,27.0,Yes,Returns,Capital Appreciation,Wealth Creation,3-5 years,Monthly,20%-30%,Mutual Fund,Retirement Plan,Capital Appreciation,Better Returns,Assured Returns,Risk Free,Financial Consultants,male
24,Male,25.0,Yes,Risk,Growth,Savings for Future,3-5 years,Weekly,20%-30%,Public Provident Fund,Health Care,Liquidity,Better Returns,Assured Returns,Risk Free,Financial Consultants,male
25,Female,26.0,Yes,Returns,Capital Appreciation,Wealth Creation,3-5 years,Monthly,30%-40%,Public Provident Fund,Retirement Plan,Capital Appreciation,Better Returns,Assured Returns,Risk Free,Newspapers and Magazines,female
26,Female,32.0,Yes,Risk,Growth,Wealth Creation,3-5 years,Monthly,20%-30%,Mutual Fund,Retirement Plan,Capital Appreciation,Better Returns,Assured Returns,Fixed Returns,Financial Consultants,female
27,Male,26.0,Yes,Returns,Capital Appreciation,Wealth Creation,3-5 years,Monthly,20%-30%,Mutual Fund,Retirement Plan,Dividend,Fund Diversification,Assured Returns,Fixed Returns,Financial Consultants,male
28,Male,31.0,Yes,Risk,Growth,Savings for Future,1-3 years,Monthly,20%-30%,Fixed Deposits,Health Care,Capital Appreciation,Fund Diversification,Safe Investment,Fixed Returns,Television,male
29,Male,29.0,Yes,Returns,Capital Appreciation,Wealth Creation,1-3 years,Monthly,20%-30%,Equity,Retirement Plan,Capital Appreciation,Better Returns,Assured Returns,Risk Free,Television,male
30,Female,34.0,Yes,Returns,Income,Returns,3-5 years,Monthly,10%-20%,Mutual Fund,Retirement Plan,Capital Appreciation,Tax Benefits,Safe Investment,Fixed Returns,Newspapers and Magazines,female
31,Male,27.0,Yes,Returns,Growth,Wealth Creation,1-3 years,Monthly,10%-20%,Mutual Fund,Education,Capital Appreciation,Tax Benefits,Safe Investment,Fixed Returns,Television,male
32,Female,31.0,Yes,Returns,Capital Appreciation,Wealth Creation,3-5 years,Monthly,20%-30%,Fixed Deposits,Retirement Plan,Capital Appreciation,Better Returns,Assured Returns,Fixed Returns,Financial Consultants,female
33,Male,27.0,Yes,Returns,Capital Appreciation,Wealth Creation,3-5 years,Monthly,30%-40%,Equity,Health Care,Capital Appreciation,Fund Diversification,Assured Returns,Fixed Returns,Newspapers and Magazines,male
34,Male,26.0,Yes,Returns,Capital Appreciation,Returns,1-3 years,Monthly,20%-30%,Fixed Deposits,Education,Dividend,Better Returns,Safe Investment,Risk Free,Newspapers and Magazines,male
35,Male,27.0,Yes,Returns,Capital Appreciation,Wealth Creation,1-3 years,Weekly,20%-30%,Mutual Fund,Health Care,Capital Appreciation,Better Returns,Safe Investment,Fixed Returns,Financial Consultants,male
36,Male,30.0,Yes,Risk,Growth,Wealth Creation,3-5 years,Monthly,20%-30%,Fixed Deposits,Health Care,Capital Appreciation,Better Returns,Assured Returns,Fixed Returns,Financial Consultants,male
37,Male,30.0,Yes,Returns,Capital Appreciation,Wealth Creation,1-3 years,Monthly,20%-30%,Equity,Retirement Plan,Capital Appreciation,Better Returns,Assured Returns,Risk Free,Newspapers and Magazines,male
38,Male,25.0,Yes,Risk,Growth,Savings for Future,3-5 years,Monthly,30%-40%,Public Provident Fund,Health Care,Capital Appreciation,Better Returns,Safe Investment,Fixed Returns,Financial Consultants,male
39,Male,31.0,Yes,Risk,Growth,Wealth Creation,1-3 years,Weekly,20%-30%,Equity,Health Care,Dividend,Fund Diversification,Assured Returns,Fixed Returns,Newspapers and Magazines,male
40,Male,29.0,Yes,Returns,Capital Appreciation,Wealth Creation,3-5 years,Monthly,20%-30%,Fixed Deposits,Retirement Plan,Dividend,Better Returns,Safe Investment,Fixed Returns,Financial Consultants,male
