Dataset_Key,File_Name,File_Path,Rows,Columns,File_Size_KB,SHA256,Export_Timestamp,Encoding
respondent,dim_respondent.csv,C:\Users\pc\Documents\HiLyst DataSets\HU Internship Project\Python Version Investement Survey\data\processed\final\dim_respondent.csv,40,42,16.71,d16d97453e22da126e9fc41fcfc39df901c7963c7d544699ff6a64d480ae547f,2026-08-12 13:54:36,utf-8-sig
investment,fact_investment_preference.csv,C:\Users\pc\Documents\HiLyst DataSets\HU Internship Project\Python Version Investement Survey\data\processed\final\fact_investment_preference.csv,280,27,63.78,a6949406e7628d8dc71c46170457e3757d8c04bb1a5efef5769e1345a582d3dd,2026-08-12 13:54:36,utf-8-sig
business_metrics,business_metrics.csv,C:\Users\pc\Documents\HiLyst DataSets\HU Internship Project\Python Version Investement Survey\data\processed\final\business_metrics.csv,14,2,0.53,5b2a98223aae5bcce98764efe37ec7684ec52d59870686f84e5ae4cc26411bf3,2026-08-12 13:54:36,utf-8-sig
investment_analysis,investment_preference_analysis.csv,C:\Users\pc\Documents\HiLyst DataSets\HU Internship Project\Python Version Investement Survey\data\processed\final\investment_preference_analysis.csv,7,7,0.37,b50c3d7c3ddfabdd6a7c202dc866f02a371dbbe2bd76c1870108e02e9a282763,2026-08-12 13:54:36,utf-8-sig
gender_analysis,gender_investment_analysis.csv,C:\Users\pc\Documents\HiLyst DataSets\HU Internship Project\Python Version Investement Survey\data\processed\final\gender_investment_analysis.csv,14,5,0.45,8ccb729e00209410781e6ee5ae4c0db73da7db15fb46a8ef9cddbaa794b27655,2026-08-12 13:54:36,utf-8-sig
age_analysis,age_investment_analysis.csv,C:\Users\pc\Documents\HiLyst DataSets\HU Internship Project\Python Version Investement Survey\data\processed\final\age_investment_analysis.csv,21,5,0.64,d62ca76eac4b7840fe4c4837da6f9cb89663356b90906bee03d097e20ee20657,2026-08-12 13:54:36,utf-8-sig
objective_analysis,objective_investment_analysis.csv,C:\Users\pc\Documents\HiLyst DataSets\HU Internship Project\Python Version Investement Survey\data\processed\final\objective_investment_analysis.csv,21,5,0.75,87b332a93a420a56bc7f5d2d1b300aea37481ee3518a3d95b93bebe7e654a15c,2026-08-12 13:54:36,utf-8-sig
female_analysis,female_investment_preference.csv,C:\Users\pc\Documents\HiLyst DataSets\HU Internship Project\Python Version Investement Survey\data\processed\final\female_investment_preference.csv,7,4,0.22,f8179128b2232c9107c76cd417e8dd905c823a9583b8f1b61aaf46fa11ca5652,2026-08-12 13:54:36,utf-8-sig
young_analysis,young_investor_preference.csv,C:\Users\pc\Documents\HiLyst DataSets\HU Internship Project\Python Version Investement Survey\data\processed\final\young_investor_preference.csv,7,4,0.23,234a4af7b3b0baa1c0d4f477014b5c1a13e97880f5f222bee0180e8bdd7c7540,2026-08-12 13:54:36,utf-8-sig
bond_analysis,bond_preference_analysis.csv,C:\Users\pc\Documents\HiLyst DataSets\HU Internship Project\Python Version Investement Survey\data\processed\final\bond_preference_analysis.csv,11,5,0.43,c7ee4a5f0b2919904264a2156af6dbb9d323fd428b2461c7b725458615266592,2026-08-12 13:54:36,utf-8-sig
gender_preference_summary,gender_preference_summary.csv,C:\Users\pc\Documents\HiLyst DataSets\HU Internship Project\Python Version Investement Survey\data\processed\final\gender_preference_summary.csv,2,3,0.08,11e694d4b35949f11ce0173e5498a47e5ccd5890f7846d929dcb6113eb9d5a59,2026-08-12 13:54:36,utf-8-sig
age_preference_summary,age_preference_summary.csv,C:\Users\pc\Documents\HiLyst DataSets\HU Internship Project\Python Version Investement Survey\data\processed\final\age_preference_summary.csv,3,3,0.09,0ad9becd6f56d9e89d29fe20389e72297da78f0071a02e60d78ba2f011559bad,2026-08-12 13:54:36,utf-8-sig
objective_preference_summary,objective_preference_summary.csv,C:\Users\pc\Documents\HiLyst DataSets\HU Internship Project\Python Version Investement Survey\data\processed\final\objective_preference_summary.csv,3,3,0.12,791b843e484a8780048838254825e2574103cd3c76bb16a3331dbc754f2a2634,2026-08-12 13:54:36,utf-8-sig
purpose_analysis,purpose_investment_analysis.csv,C:\Users\pc\Documents\HiLyst DataSets\HU Internship Project\Python Version Investement Survey\data\processed\final\purpose_investment_analysis.csv,21,5,0.8,20b26828d226d3c87b76d6365d7a7d0d8472d55ea3962857ac2fd1722bdafb57,2026-08-12 13:54:36,utf-8-sig
factor_analysis,factor_investment_analysis.csv,C:\Users\pc\Documents\HiLyst DataSets\HU Internship Project\Python Version Investement Survey\data\processed\final\factor_investment_analysis.csv,21,5,0.7,c18cdaec37318dd162d1e38ffe3afa29d358e3f2106c7152ca5840da34272cd6,2026-08-12 13:54:36,utf-8-sig
duration_analysis,duration_investment_analysis.csv,C:\Users\pc\Documents\HiLyst DataSets\HU Internship Project\Python Version Investement Survey\data\processed\final\duration_investment_analysis.csv,28,5,1.02,41b20d9a5c83a3ab28ffd10ddd11ff864768ee2f256c2bf14306a525d10219fd,2026-08-12 13:54:36,utf-8-sig
expected_return_analysis,expected_return_analysis.csv,C:\Users\pc\Documents\HiLyst DataSets\HU Internship Project\Python Version Investement Survey\data\processed\final\expected_return_analysis.csv,21,5,0.67,a611fc2fb8939d3fe7de96ba3ec09f00793308ead3485d2f617bbee3450372d0,2026-08-12 13:54:36,utf-8-sig
savings_analysis,savings_investment_analysis.csv,C:\Users\pc\Documents\HiLyst DataSets\HU Internship Project\Python Version Investement Survey\data\processed\final\savings_investment_analysis.csv,21,5,0.78,a4981d9eac3351c19439d8c0f9436000a18e6f9ac15d9ed3420b26f74a2e6021,2026-08-12 13:54:36,utf-8-sig
source_analysis,source_investment_analysis.csv,C:\Users\pc\Documents\HiLyst DataSets\HU Internship Project\Python Version Investement Survey\data\processed\final\source_investment_analysis.csv,28,5,1.11,10a9b657ed6460e40311ee56908bd35aaa632dd796b305b0e7a495ca70918de4,2026-08-12 13:54:36,utf-8-sig
monitoring_analysis,monitoring_investment_analysis.csv,C:\Users\pc\Documents\HiLyst DataSets\HU Internship Project\Python Version Investement Survey\data\processed\final\monitoring_investment_analysis.csv,21,5,0.67,5a92d9d719d8a6e3a071e6d1af185d8003b5b7305f068b67dad08ad832ff497b,2026-08-12 13:54:36,utf-8-sig
gender_gap,gender_preference_gap.csv,C:\Users\pc\Documents\HiLyst DataSets\HU Internship Project\Python Version Investement Survey\data\processed\final\gender_preference_gap.csv,7,5,0.39,8e09da286d6d6eff0b44f4b6cf1b1b5f4ecf951732b0387bec35359b2a5a730f,2026-08-12 13:54:36,utf-8-sig
executive_insights,executive_analytical_insights.csv,C:\Users\pc\Documents\HiLyst DataSets\HU Internship Project\Python Version Investement Survey\data\processed\final\executive_analytical_insights.csv,5,4,0.88,364c3eaee2042d1cc08a91358cc89a760422be1dc7fb8f9a2e88b99e937001af,2026-08-12 13:54:36,utf-8-sig
recommendations,analytical_recommendations.csv,C:\Users\pc\Documents\HiLyst DataSets\HU Internship Project\Python Version Investement Survey\data\processed\final\analytical_recommendations.csv,5,5,1.14,a8f1cf94a9cbd7a03fe3c6615745d9af71613fd90b4fb55b56f543626fd27208,2026-08-12 13:54:36,utf-8-sig
analysis_summary,analysis_summary.csv,C:\Users\pc\Documents\HiLyst DataSets\HU Internship Project\Python Version Investement Survey\data\processed\final\analysis_summary.csv,1,8,0.24,f8e69fe633031e4260fd6b5517860674d044cbe6deacddf9c9b285d8b1c95e29,2026-08-12 13:54:36,utf-8-sig
validation_report,validation_report.csv,C:\Users\pc\Documents\HiLyst DataSets\HU Internship Project\Python Version Investement Survey\data\processed\final\validation_report.csv,1,7,0.14,c64131f391be26090454e87bd99cc93d9c64fc320920512115df9cf49795890e,2026-08-12 13:54:36,utf-8-sig
export_grain_validation,export_grain_validation.csv,C:\Users\pc\Documents\HiLyst DataSets\HU Internship Project\Python Version Investement Survey\data\processed\final\export_grain_validation.csv,4,3,0.37,6ab1bd6796aa251f579e581acac24170a29d27288312113a3771384ac5110590,2026-08-12 13:54:36,utf-8-sig
