Respondent_ID,Investment_Type_Raw,Preference_Rank,Investment_Type,Preference_Level,Investment_Record_Count,Investment_Key,Preference_Category,Preference_Score,Investment_Display_Order,Is_Highest_Preference,Is_Top_3_Preference,Investment_Type_Key,Gender,age,Age_Group,Age_Group_Sort,Investor_Age_Segment,Investment_Objective,Investment_Purpose,Decision_Factor,Savings_Objective,Information_Source,Expected_Return_Range,Investment_Duration,Duration_Segment,Investment_Avenue
1,Mutual_Funds,1.0,Mutual Fund,Highest Preference,7,mutual_fund,Highest Preference,7.0,1,1,1,mutual_fund,Female,34.0,25-34,2,30+,Capital Appreciation,Wealth Creation,Returns,Retirement Plan,Newspapers and Magazines,20%-30%,1-3 years,Medium Term,Yes
1,Equity_Market,2.0,Equity,High Preference,7,equity,High Preference,6.0,2,0,1,equity,Female,34.0,25-34,2,30+,Capital Appreciation,Wealth Creation,Returns,Retirement Plan,Newspapers and Magazines,20%-30%,1-3 years,Medium Term,Yes
1,Government_Bonds,3.0,Government Bond,Moderate Preference,7,government_bond,Moderate Preference,5.0,4,0,1,government_bond,Female,34.0,25-34,2,30+,Capital Appreciation,Wealth Creation,Returns,Retirement Plan,Newspapers and Magazines,20%-30%,1-3 years,Medium Term,Yes
1,Gold,4.0,Gold,Moderate Preference,7,gold,Moderate Preference,4.0,7,0,0,gold,Female,34.0,25-34,2,30+,Capital Appreciation,Wealth Creation,Returns,Retirement Plan,Newspapers and Magazines,20%-30%,1-3 years,Medium Term,Yes
1,Debentures,5.0,Debenture,Moderate Preference,7,debenture,Moderate Preference,3.0,3,0,0,debenture,Female,34.0,25-34,2,30+,Capital Appreciation,Wealth Creation,Returns,Retirement Plan,Newspapers and Magazines,20%-30%,1-3 years,Medium Term,Yes
1,PPF,6.0,PPF,Low Preference,7,ppf,Low Preference,2.0,6,0,0,ppf,Female,34.0,25-34,2,30+,Capital Appreciation,Wealth Creation,Returns,Retirement Plan,Newspapers and Magazines,20%-30%,1-3 years,Medium Term,Yes
1,Fixed_Deposits,7.0,Fixed Deposit,Lowest Preference,7,fixed_deposit,Lowest Preference,1.0,5,0,0,fixed_deposit,Female,34.0,25-34,2,30+,Capital Appreciation,Wealth Creation,Returns,Retirement Plan,Newspapers and Magazines,20%-30%,1-3 years,Medium Term,Yes
2,Government_Bonds,1.0,Government Bond,Highest Preference,7,government_bond,Highest Preference,7.0,4,1,1,government_bond,Female,23.0,Under 25,1,Under 30,Capital Appreciation,Wealth Creation,Locking Period,Health Care,Financial Consultants,20%-30%,More than 5 years,Long Term,Yes
2,Debentures,2.0,Debenture,High Preference,7,debenture,High Preference,6.0,3,0,1,debenture,Female,23.0,Under 25,1,Under 30,Capital Appreciation,Wealth Creation,Locking Period,Health Care,Financial Consultants,20%-30%,More than 5 years,Long Term,Yes
2,Equity_Market,3.0,Equity,Moderate Preference,7,equity,Moderate Preference,5.0,2,0,1,equity,Female,23.0,Under 25,1,Under 30,Capital Appreciation,Wealth Creation,Locking Period,Health Care,Financial Consultants,20%-30%,More than 5 years,Long Term,Yes
2,Mutual_Funds,4.0,Mutual Fund,Moderate Preference,7,mutual_fund,Moderate Preference,4.0,1,0,0,mutual_fund,Female,23.0,Under 25,1,Under 30,Capital Appreciation,Wealth Creation,Locking Period,Health Care,Financial Consultants,20%-30%,More than 5 years,Long Term,Yes
2,Fixed_Deposits,5.0,Fixed Deposit,Moderate Preference,7,fixed_deposit,Moderate Preference,3.0,5,0,0,fixed_deposit,Female,23.0,Under 25,1,Under 30,Capital Appreciation,Wealth Creation,Locking Period,Health Care,Financial Consultants,20%-30%,More than 5 years,Long Term,Yes
2,PPF,6.0,PPF,Low Preference,7,ppf,Low Preference,2.0,6,0,0,ppf,Female,23.0,Under 25,1,Under 30,Capital Appreciation,Wealth Creation,Locking Period,Health Care,Financial Consultants,20%-30%,More than 5 years,Long Term,Yes
2,Gold,7.0,Gold,Lowest Preference,7,gold,Lowest Preference,1.0,7,0,0,gold,Female,23.0,Under 25,1,Under 30,Capital Appreciation,Wealth Creation,Locking Period,Health Care,Financial Consultants,20%-30%,More than 5 years,Long Term,Yes
3,PPF,1.0,PPF,Highest Preference,7,ppf,Highest Preference,7.0,6,1,1,ppf,Male,30.0,25-34,2,30+,Capital Appreciation,Wealth Creation,Returns,Retirement Plan,Television,20%-30%,3-5 years,Medium Term,Yes
3,Government_Bonds,2.0,Government Bond,High Preference,7,government_bond,High Preference,6.0,4,0,1,government_bond,Male,30.0,25-34,2,30+,Capital Appreciation,Wealth Creation,Returns,Retirement Plan,Television,20%-30%,3-5 years,Medium Term,Yes
3,Mutual_Funds,3.0,Mutual Fund,Moderate Preference,7,mutual_fund,Moderate Preference,5.0,1,0,1,mutual_fund,Male,30.0,25-34,2,30+,Capital Appreciation,Wealth Creation,Returns,Retirement Plan,Television,20%-30%,3-5 years,Medium Term,Yes
3,Debentures,4.0,Debenture,Moderate Preference,7,debenture,Moderate Preference,4.0,3,0,0,debenture,Male,30.0,25-34,2,30+,Capital Appreciation,Wealth Creation,Returns,Retirement Plan,Television,20%-30%,3-5 years,Medium Term,Yes
3,Fixed_Deposits,5.0,Fixed Deposit,Moderate Preference,7,fixed_deposit,Moderate Preference,3.0,5,0,0,fixed_deposit,Male,30.0,25-34,2,30+,Capital Appreciation,Wealth Creation,Returns,Retirement Plan,Television,20%-30%,3-5 years,Medium Term,Yes
3,Equity_Market,6.0,Equity,Low Preference,7,equity,Low Preference,2.0,2,0,0,equity,Male,30.0,25-34,2,30+,Capital Appreciation,Wealth Creation,Returns,Retirement Plan,Television,20%-30%,3-5 years,Medium Term,Yes
3,Gold,7.0,Gold,Lowest Preference,7,gold,Lowest Preference,1.0,7,0,0,gold,Male,30.0,25-34,2,30+,Capital Appreciation,Wealth Creation,Returns,Retirement Plan,Television,20%-30%,3-5 years,Medium Term,Yes
4,Equity_Market,1.0,Equity,Highest Preference,7,equity,Highest Preference,7.0,2,1,1,equity,Male,22.0,Under 25,1,Under 30,Income,Wealth Creation,Returns,Retirement Plan,Internet,10%-20%,Less than 1 year,Short Term,Yes
4,Mutual_Funds,2.0,Mutual Fund,High Preference,7,mutual_fund,High Preference,6.0,1,0,1,mutual_fund,Male,22.0,Under 25,1,Under 30,Income,Wealth Creation,Returns,Retirement Plan,Internet,10%-20%,Less than 1 year,Short Term,Yes
4,Debentures,3.0,Debenture,Moderate Preference,7,debenture,Moderate Preference,5.0,3,0,1,debenture,Male,22.0,Under 25,1,Under 30,Income,Wealth Creation,Returns,Retirement Plan,Internet,10%-20%,Less than 1 year,Short Term,Yes
4,PPF,4.0,PPF,Moderate Preference,7,ppf,Moderate Preference,4.0,6,0,0,ppf,Male,22.0,Under 25,1,Under 30,Income,Wealth Creation,Returns,Retirement Plan,Internet,10%-20%,Less than 1 year,Short Term,Yes
4,Gold,5.0,Gold,Moderate Preference,7,gold,Moderate Preference,3.0,7,0,0,gold,Male,22.0,Under 25,1,Under 30,Income,Wealth Creation,Returns,Retirement Plan,Internet,10%-20%,Less than 1 year,Short Term,Yes
4,Fixed_Deposits,6.0,Fixed Deposit,Low Preference,7,fixed_deposit,Low Preference,2.0,5,0,0,fixed_deposit,Male,22.0,Under 25,1,Under 30,Income,Wealth Creation,Returns,Retirement Plan,Internet,10%-20%,Less than 1 year,Short Term,Yes
4,Government_Bonds,7.0,Government Bond,Lowest Preference,7,government_bond,Lowest Preference,1.0,4,0,0,government_bond,Male,22.0,Under 25,1,Under 30,Income,Wealth Creation,Returns,Retirement Plan,Internet,10%-20%,Less than 1 year,Short Term,Yes
5,Equity_Market,1.0,Equity,Highest Preference,7,equity,Highest Preference,7.0,2,1,1,equity,Female,24.0,Under 25,1,Under 30,Income,Wealth Creation,Returns,Retirement Plan,Internet,20%-30%,Less than 1 year,Short Term,No
5,Mutual_Funds,2.0,Mutual Fund,High Preference,7,mutual_fund,High Preference,6.0,1,0,1,mutual_fund,Female,24.0,Under 25,1,Under 30,Income,Wealth Creation,Returns,Retirement Plan,Internet,20%-30%,Less than 1 year,Short Term,No
5,Debentures,3.0,Debenture,Moderate Preference,7,debenture,Moderate Preference,5.0,3,0,1,debenture,Female,24.0,Under 25,1,Under 30,Income,Wealth Creation,Returns,Retirement Plan,Internet,20%-30%,Less than 1 year,Short Term,No
5,Fixed_Deposits,4.0,Fixed Deposit,Moderate Preference,7,fixed_deposit,Moderate Preference,4.0,5,0,0,fixed_deposit,Female,24.0,Under 25,1,Under 30,Income,Wealth Creation,Returns,Retirement Plan,Internet,20%-30%,Less than 1 year,Short Term,No
5,PPF,5.0,PPF,Moderate Preference,7,ppf,Moderate Preference,3.0,6,0,0,ppf,Female,24.0,Under 25,1,Under 30,Income,Wealth Creation,Returns,Retirement Plan,Internet,20%-30%,Less than 1 year,Short Term,No
5,Government_Bonds,6.0,Government Bond,Low Preference,7,government_bond,Low Preference,2.0,4,0,0,government_bond,Female,24.0,Under 25,1,Under 30,Income,Wealth Creation,Returns,Retirement Plan,Internet,20%-30%,Less than 1 year,Short Term,No
5,Gold,7.0,Gold,Lowest Preference,7,gold,Lowest Preference,1.0,7,0,0,gold,Female,24.0,Under 25,1,Under 30,Income,Wealth Creation,Returns,Retirement Plan,Internet,20%-30%,Less than 1 year,Short Term,No
6,PPF,1.0,PPF,Highest Preference,7,ppf,Highest Preference,7.0,6,1,1,ppf,Female,24.0,Under 25,1,Under 30,Capital Appreciation,Wealth Creation,Risk,Retirement Plan,Internet,30%-40%,1-3 years,Medium Term,No
6,Gold,2.0,Gold,High Preference,7,gold,High Preference,6.0,7,0,1,gold,Female,24.0,Under 25,1,Under 30,Capital Appreciation,Wealth Creation,Risk,Retirement Plan,Internet,30%-40%,1-3 years,Medium Term,No
6,Fixed_Deposits,3.0,Fixed Deposit,Moderate Preference,7,fixed_deposit,Moderate Preference,5.0,5,0,1,fixed_deposit,Female,24.0,Under 25,1,Under 30,Capital Appreciation,Wealth Creation,Risk,Retirement Plan,Internet,30%-40%,1-3 years,Medium Term,No
6,Debentures,4.0,Debenture,Moderate Preference,7,debenture,Moderate Preference,4.0,3,0,0,debenture,Female,24.0,Under 25,1,Under 30,Capital Appreciation,Wealth Creation,Risk,Retirement Plan,Internet,30%-40%,1-3 years,Medium Term,No
6,Equity_Market,5.0,Equity,Moderate Preference,7,equity,Moderate Preference,3.0,2,0,0,equity,Female,24.0,Under 25,1,Under 30,Capital Appreciation,Wealth Creation,Risk,Retirement Plan,Internet,30%-40%,1-3 years,Medium Term,No
6,Government_Bonds,6.0,Government Bond,Low Preference,7,government_bond,Low Preference,2.0,4,0,0,government_bond,Female,24.0,Under 25,1,Under 30,Capital Appreciation,Wealth Creation,Risk,Retirement Plan,Internet,30%-40%,1-3 years,Medium Term,No
6,Mutual_Funds,7.0,Mutual Fund,Lowest Preference,7,mutual_fund,Lowest Preference,1.0,1,0,0,mutual_fund,Female,24.0,Under 25,1,Under 30,Capital Appreciation,Wealth Creation,Risk,Retirement Plan,Internet,30%-40%,1-3 years,Medium Term,No
7,PPF,1.0,PPF,Highest Preference,7,ppf,Highest Preference,7.0,6,1,1,ppf,Female,27.0,25-34,2,Under 30,Capital Appreciation,Wealth Creation,Returns,Retirement Plan,Financial Consultants,20%-30%,3-5 years,Medium Term,Yes
7,Government_Bonds,2.0,Government Bond,High Preference,7,government_bond,High Preference,6.0,4,0,1,government_bond,Female,27.0,25-34,2,Under 30,Capital Appreciation,Wealth Creation,Returns,Retirement Plan,Financial Consultants,20%-30%,3-5 years,Medium Term,Yes
7,Mutual_Funds,3.0,Mutual Fund,Moderate Preference,7,mutual_fund,Moderate Preference,5.0,1,0,1,mutual_fund,Female,27.0,25-34,2,Under 30,Capital Appreciation,Wealth Creation,Returns,Retirement Plan,Financial Consultants,20%-30%,3-5 years,Medium Term,Yes
7,Debentures,4.0,Debenture,Moderate Preference,7,debenture,Moderate Preference,4.0,3,0,0,debenture,Female,27.0,25-34,2,Under 30,Capital Appreciation,Wealth Creation,Returns,Retirement Plan,Financial Consultants,20%-30%,3-5 years,Medium Term,Yes
7,Fixed_Deposits,5.0,Fixed Deposit,Moderate Preference,7,fixed_deposit,Moderate Preference,3.0,5,0,0,fixed_deposit,Female,27.0,25-34,2,Under 30,Capital Appreciation,Wealth Creation,Returns,Retirement Plan,Financial Consultants,20%-30%,3-5 years,Medium Term,Yes
7,Equity_Market,6.0,Equity,Low Preference,7,equity,Low Preference,2.0,2,0,0,equity,Female,27.0,25-34,2,Under 30,Capital Appreciation,Wealth Creation,Returns,Retirement Plan,Financial Consultants,20%-30%,3-5 years,Medium Term,Yes
7,Gold,7.0,Gold,Lowest Preference,7,gold,Lowest Preference,1.0,7,0,0,gold,Female,27.0,25-34,2,Under 30,Capital Appreciation,Wealth Creation,Returns,Retirement Plan,Financial Consultants,20%-30%,3-5 years,Medium Term,Yes
8,PPF,1.0,PPF,Highest Preference,7,ppf,Highest Preference,7.0,6,1,1,ppf,Male,21.0,Under 25,1,Under 30,Capital Appreciation,Wealth Creation,Risk,Retirement Plan,Newspapers and Magazines,20%-30%,3-5 years,Medium Term,Yes
8,Mutual_Funds,2.0,Mutual Fund,High Preference,7,mutual_fund,High Preference,6.0,1,0,1,mutual_fund,Male,21.0,Under 25,1,Under 30,Capital Appreciation,Wealth Creation,Risk,Retirement Plan,Newspapers and Magazines,20%-30%,3-5 years,Medium Term,Yes
8,Equity_Market,3.0,Equity,Moderate Preference,7,equity,Moderate Preference,5.0,2,0,1,equity,Male,21.0,Under 25,1,Under 30,Capital Appreciation,Wealth Creation,Risk,Retirement Plan,Newspapers and Magazines,20%-30%,3-5 years,Medium Term,Yes
8,Government_Bonds,4.0,Government Bond,Moderate Preference,7,government_bond,Moderate Preference,4.0,4,0,0,government_bond,Male,21.0,Under 25,1,Under 30,Capital Appreciation,Wealth Creation,Risk,Retirement Plan,Newspapers and Magazines,20%-30%,3-5 years,Medium Term,Yes
8,Gold,5.0,Gold,Moderate Preference,7,gold,Moderate Preference,3.0,7,0,0,gold,Male,21.0,Under 25,1,Under 30,Capital Appreciation,Wealth Creation,Risk,Retirement Plan,Newspapers and Magazines,20%-30%,3-5 years,Medium Term,Yes
8,Fixed_Deposits,6.0,Fixed Deposit,Low Preference,7,fixed_deposit,Low Preference,2.0,5,0,0,fixed_deposit,Male,21.0,Under 25,1,Under 30,Capital Appreciation,Wealth Creation,Risk,Retirement Plan,Newspapers and Magazines,20%-30%,3-5 years,Medium Term,Yes
8,Debentures,7.0,Debenture,Lowest Preference,7,debenture,Lowest Preference,1.0,3,0,0,debenture,Male,21.0,Under 25,1,Under 30,Capital Appreciation,Wealth Creation,Risk,Retirement Plan,Newspapers and Magazines,20%-30%,3-5 years,Medium Term,Yes
9,PPF,1.0,PPF,Highest Preference,7,ppf,Highest Preference,7.0,6,1,1,ppf,Male,35.0,35-44,3,30+,Growth,Savings for Future,Returns,Retirement Plan,Television,20%-30%,1-3 years,Medium Term,Yes
9,Mutual_Funds,2.0,Mutual Fund,High Preference,7,mutual_fund,High Preference,6.0,1,0,1,mutual_fund,Male,35.0,35-44,3,30+,Growth,Savings for Future,Returns,Retirement Plan,Television,20%-30%,1-3 years,Medium Term,Yes
9,Fixed_Deposits,3.0,Fixed Deposit,Moderate Preference,7,fixed_deposit,Moderate Preference,5.0,5,0,1,fixed_deposit,Male,35.0,35-44,3,30+,Growth,Savings for Future,Returns,Retirement Plan,Television,20%-30%,1-3 years,Medium Term,Yes
9,Equity_Market,4.0,Equity,Moderate Preference,7,equity,Moderate Preference,4.0,2,0,0,equity,Male,35.0,35-44,3,30+,Growth,Savings for Future,Returns,Retirement Plan,Television,20%-30%,1-3 years,Medium Term,Yes
9,Government_Bonds,5.0,Government Bond,Moderate Preference,7,government_bond,Moderate Preference,3.0,4,0,0,government_bond,Male,35.0,35-44,3,30+,Growth,Savings for Future,Returns,Retirement Plan,Television,20%-30%,1-3 years,Medium Term,Yes
9,Gold,6.0,Gold,Low Preference,7,gold,Low Preference,2.0,7,0,0,gold,Male,35.0,35-44,3,30+,Growth,Savings for Future,Returns,Retirement Plan,Television,20%-30%,1-3 years,Medium Term,Yes
9,Debentures,7.0,Debenture,Lowest Preference,7,debenture,Lowest Preference,1.0,3,0,0,debenture,Male,35.0,35-44,3,30+,Growth,Savings for Future,Returns,Retirement Plan,Television,20%-30%,1-3 years,Medium Term,Yes
10,Mutual_Funds,1.0,Mutual Fund,Highest Preference,7,mutual_fund,Highest Preference,7.0,1,1,1,mutual_fund,Male,31.0,25-34,2,30+,Capital Appreciation,Wealth Creation,Returns,Retirement Plan,Newspapers and Magazines,30%-40%,3-5 years,Medium Term,Yes
10,PPF,2.0,PPF,High Preference,7,ppf,High Preference,6.0,6,0,1,ppf,Male,31.0,25-34,2,30+,Capital Appreciation,Wealth Creation,Returns,Retirement Plan,Newspapers and Magazines,30%-40%,3-5 years,Medium Term,Yes
10,Equity_Market,3.0,Equity,Moderate Preference,7,equity,Moderate Preference,5.0,2,0,1,equity,Male,31.0,25-34,2,30+,Capital Appreciation,Wealth Creation,Returns,Retirement Plan,Newspapers and Magazines,30%-40%,3-5 years,Medium Term,Yes
10,Government_Bonds,4.0,Government Bond,Moderate Preference,7,government_bond,Moderate Preference,4.0,4,0,0,government_bond,Male,31.0,25-34,2,30+,Capital Appreciation,Wealth Creation,Returns,Retirement Plan,Newspapers and Magazines,30%-40%,3-5 years,Medium Term,Yes
10,Fixed_Deposits,5.0,Fixed Deposit,Moderate Preference,7,fixed_deposit,Moderate Preference,3.0,5,0,0,fixed_deposit,Male,31.0,25-34,2,30+,Capital Appreciation,Wealth Creation,Returns,Retirement Plan,Newspapers and Magazines,30%-40%,3-5 years,Medium Term,Yes
10,Gold,6.0,Gold,Low Preference,7,gold,Low Preference,2.0,7,0,0,gold,Male,31.0,25-34,2,30+,Capital Appreciation,Wealth Creation,Returns,Retirement Plan,Newspapers and Magazines,30%-40%,3-5 years,Medium Term,Yes
10,Debentures,7.0,Debenture,Lowest Preference,7,debenture,Lowest Preference,1.0,3,0,0,debenture,Male,31.0,25-34,2,30+,Capital Appreciation,Wealth Creation,Returns,Retirement Plan,Newspapers and Magazines,30%-40%,3-5 years,Medium Term,Yes
11,PPF,1.0,PPF,Highest Preference,7,ppf,Highest Preference,7.0,6,1,1,ppf,Female,35.0,35-44,3,30+,Growth,Savings for Future,Risk,Retirement Plan,Financial Consultants,20%-30%,3-5 years,Medium Term,Yes
11,Mutual_Funds,2.0,Mutual Fund,High Preference,7,mutual_fund,High Preference,6.0,1,0,1,mutual_fund,Female,35.0,35-44,3,30+,Growth,Savings for Future,Risk,Retirement Plan,Financial Consultants,20%-30%,3-5 years,Medium Term,Yes
11,Fixed_Deposits,3.0,Fixed Deposit,Moderate Preference,7,fixed_deposit,Moderate Preference,5.0,5,0,1,fixed_deposit,Female,35.0,35-44,3,30+,Growth,Savings for Future,Risk,Retirement Plan,Financial Consultants,20%-30%,3-5 years,Medium Term,Yes
11,Equity_Market,4.0,Equity,Moderate Preference,7,equity,Moderate Preference,4.0,2,0,0,equity,Female,35.0,35-44,3,30+,Growth,Savings for Future,Risk,Retirement Plan,Financial Consultants,20%-30%,3-5 years,Medium Term,Yes
11,Government_Bonds,5.0,Government Bond,Moderate Preference,7,government_bond,Moderate Preference,3.0,4,0,0,government_bond,Female,35.0,35-44,3,30+,Growth,Savings for Future,Risk,Retirement Plan,Financial Consultants,20%-30%,3-5 years,Medium Term,Yes
11,Gold,6.0,Gold,Low Preference,7,gold,Low Preference,2.0,7,0,0,gold,Female,35.0,35-44,3,30+,Growth,Savings for Future,Risk,Retirement Plan,Financial Consultants,20%-30%,3-5 years,Medium Term,Yes
11,Debentures,7.0,Debenture,Lowest Preference,7,debenture,Lowest Preference,1.0,3,0,0,debenture,Female,35.0,35-44,3,30+,Growth,Savings for Future,Risk,Retirement Plan,Financial Consultants,20%-30%,3-5 years,Medium Term,Yes
12,PPF,1.0,PPF,Highest Preference,7,ppf,Highest Preference,7.0,6,1,1,ppf,Male,29.0,25-34,2,Under 30,Capital Appreciation,Wealth Creation,Risk,Retirement Plan,Financial Consultants,20%-30%,1-3 years,Medium Term,Yes
12,Mutual_Funds,2.0,Mutual Fund,High Preference,7,mutual_fund,High Preference,6.0,1,0,1,mutual_fund,Male,29.0,25-34,2,Under 30,Capital Appreciation,Wealth Creation,Risk,Retirement Plan,Financial Consultants,20%-30%,1-3 years,Medium Term,Yes
12,Fixed_Deposits,3.0,Fixed Deposit,Moderate Preference,7,fixed_deposit,Moderate Preference,5.0,5,0,1,fixed_deposit,Male,29.0,25-34,2,Under 30,Capital Appreciation,Wealth Creation,Risk,Retirement Plan,Financial Consultants,20%-30%,1-3 years,Medium Term,Yes
12,Gold,4.0,Gold,Moderate Preference,7,gold,Moderate Preference,4.0,7,0,0,gold,Male,29.0,25-34,2,Under 30,Capital Appreciation,Wealth Creation,Risk,Retirement Plan,Financial Consultants,20%-30%,1-3 years,Medium Term,Yes
12,Equity_Market,5.0,Equity,Moderate Preference,7,equity,Moderate Preference,3.0,2,0,0,equity,Male,29.0,25-34,2,Under 30,Capital Appreciation,Wealth Creation,Risk,Retirement Plan,Financial Consultants,20%-30%,1-3 years,Medium Term,Yes
12,Government_Bonds,6.0,Government Bond,Low Preference,7,government_bond,Low Preference,2.0,4,0,0,government_bond,Male,29.0,25-34,2,Under 30,Capital Appreciation,Wealth Creation,Risk,Retirement Plan,Financial Consultants,20%-30%,1-3 years,Medium Term,Yes
12,Debentures,7.0,Debenture,Lowest Preference,7,debenture,Lowest Preference,1.0,3,0,0,debenture,Male,29.0,25-34,2,Under 30,Capital Appreciation,Wealth Creation,Risk,Retirement Plan,Financial Consultants,20%-30%,1-3 years,Medium Term,Yes
13,Mutual_Funds,1.0,Mutual Fund,Highest Preference,7,mutual_fund,Highest Preference,7.0,1,1,1,mutual_fund,Female,21.0,Under 25,1,Under 30,Capital Appreciation,Savings for Future,Returns,Education,Internet,20%-30%,1-3 years,Medium Term,No
13,Equity_Market,2.0,Equity,High Preference,7,equity,High Preference,6.0,2,0,1,equity,Female,21.0,Under 25,1,Under 30,Capital Appreciation,Savings for Future,Returns,Education,Internet,20%-30%,1-3 years,Medium Term,No
13,Debentures,3.0,Debenture,Moderate Preference,7,debenture,Moderate Preference,5.0,3,0,1,debenture,Female,21.0,Under 25,1,Under 30,Capital Appreciation,Savings for Future,Returns,Education,Internet,20%-30%,1-3 years,Medium Term,No
13,Government_Bonds,4.0,Government Bond,Moderate Preference,7,government_bond,Moderate Preference,4.0,4,0,0,government_bond,Female,21.0,Under 25,1,Under 30,Capital Appreciation,Savings for Future,Returns,Education,Internet,20%-30%,1-3 years,Medium Term,No
13,Fixed_Deposits,5.0,Fixed Deposit,Moderate Preference,7,fixed_deposit,Moderate Preference,3.0,5,0,0,fixed_deposit,Female,21.0,Under 25,1,Under 30,Capital Appreciation,Savings for Future,Returns,Education,Internet,20%-30%,1-3 years,Medium Term,No
13,PPF,6.0,PPF,Low Preference,7,ppf,Low Preference,2.0,6,0,0,ppf,Female,21.0,Under 25,1,Under 30,Capital Appreciation,Savings for Future,Returns,Education,Internet,20%-30%,1-3 years,Medium Term,No
13,Gold,7.0,Gold,Lowest Preference,7,gold,Lowest Preference,1.0,7,0,0,gold,Female,21.0,Under 25,1,Under 30,Capital Appreciation,Savings for Future,Returns,Education,Internet,20%-30%,1-3 years,Medium Term,No
14,PPF,1.0,PPF,Highest Preference,7,ppf,Highest Preference,7.0,6,1,1,ppf,Female,28.0,25-34,2,Under 30,Capital Appreciation,Wealth Creation,Returns,Retirement Plan,Newspapers and Magazines,20%-30%,1-3 years,Medium Term,Yes
14,Mutual_Funds,2.0,Mutual Fund,High Preference,7,mutual_fund,High Preference,6.0,1,0,1,mutual_fund,Female,28.0,25-34,2,Under 30,Capital Appreciation,Wealth Creation,Returns,Retirement Plan,Newspapers and Magazines,20%-30%,1-3 years,Medium Term,Yes
14,Equity_Market,3.0,Equity,Moderate Preference,7,equity,Moderate Preference,5.0,2,0,1,equity,Female,28.0,25-34,2,Under 30,Capital Appreciation,Wealth Creation,Returns,Retirement Plan,Newspapers and Magazines,20%-30%,1-3 years,Medium Term,Yes
14,Government_Bonds,4.0,Government Bond,Moderate Preference,7,government_bond,Moderate Preference,4.0,4,0,0,government_bond,Female,28.0,25-34,2,Under 30,Capital Appreciation,Wealth Creation,Returns,Retirement Plan,Newspapers and Magazines,20%-30%,1-3 years,Medium Term,Yes
14,Fixed_Deposits,5.0,Fixed Deposit,Moderate Preference,7,fixed_deposit,Moderate Preference,3.0,5,0,0,fixed_deposit,Female,28.0,25-34,2,Under 30,Capital Appreciation,Wealth Creation,Returns,Retirement Plan,Newspapers and Magazines,20%-30%,1-3 years,Medium Term,Yes
14,Gold,6.0,Gold,Low Preference,7,gold,Low Preference,2.0,7,0,0,gold,Female,28.0,25-34,2,Under 30,Capital Appreciation,Wealth Creation,Returns,Retirement Plan,Newspapers and Magazines,20%-30%,1-3 years,Medium Term,Yes
14,Debentures,7.0,Debenture,Lowest Preference,7,debenture,Lowest Preference,1.0,3,0,0,debenture,Female,28.0,25-34,2,Under 30,Capital Appreciation,Wealth Creation,Returns,Retirement Plan,Newspapers and Magazines,20%-30%,1-3 years,Medium Term,Yes
15,PPF,1.0,PPF,Highest Preference,7,ppf,Highest Preference,7.0,6,1,1,ppf,Female,25.0,25-34,2,Under 30,Capital Appreciation,Wealth Creation,Returns,Health Care,Financial Consultants,20%-30%,1-3 years,Medium Term,Yes
15,Mutual_Funds,2.0,Mutual Fund,High Preference,7,mutual_fund,High Preference,6.0,1,0,1,mutual_fund,Female,25.0,25-34,2,Under 30,Capital Appreciation,Wealth Creation,Returns,Health Care,Financial Consultants,20%-30%,1-3 years,Medium Term,Yes
15,Equity_Market,3.0,Equity,Moderate Preference,7,equity,Moderate Preference,5.0,2,0,1,equity,Female,25.0,25-34,2,Under 30,Capital Appreciation,Wealth Creation,Returns,Health Care,Financial Consultants,20%-30%,1-3 years,Medium Term,Yes
15,Fixed_Deposits,4.0,Fixed Deposit,Moderate Preference,7,fixed_deposit,Moderate Preference,4.0,5,0,0,fixed_deposit,Female,25.0,25-34,2,Under 30,Capital Appreciation,Wealth Creation,Returns,Health Care,Financial Consultants,20%-30%,1-3 years,Medium Term,Yes
15,Government_Bonds,5.0,Government Bond,Moderate Preference,7,government_bond,Moderate Preference,3.0,4,0,0,government_bond,Female,25.0,25-34,2,Under 30,Capital Appreciation,Wealth Creation,Returns,Health Care,Financial Consultants,20%-30%,1-3 years,Medium Term,Yes
15,Gold,6.0,Gold,Low Preference,7,gold,Low Preference,2.0,7,0,0,gold,Female,25.0,25-34,2,Under 30,Capital Appreciation,Wealth Creation,Returns,Health Care,Financial Consultants,20%-30%,1-3 years,Medium Term,Yes
15,Debentures,7.0,Debenture,Lowest Preference,7,debenture,Lowest Preference,1.0,3,0,0,debenture,Female,25.0,25-34,2,Under 30,Capital Appreciation,Wealth Creation,Returns,Health Care,Financial Consultants,20%-30%,1-3 years,Medium Term,Yes
16,PPF,1.0,PPF,Highest Preference,7,ppf,Highest Preference,7.0,6,1,1,ppf,Male,27.0,25-34,2,Under 30,Capital Appreciation,Wealth Creation,Returns,Health Care,Newspapers and Magazines,20%-30%,1-3 years,Medium Term,Yes
16,Mutual_Funds,2.0,Mutual Fund,High Preference,7,mutual_fund,High Preference,6.0,1,0,1,mutual_fund,Male,27.0,25-34,2,Under 30,Capital Appreciation,Wealth Creation,Returns,Health Care,Newspapers and Magazines,20%-30%,1-3 years,Medium Term,Yes
16,Equity_Market,3.0,Equity,Moderate Preference,7,equity,Moderate Preference,5.0,2,0,1,equity,Male,27.0,25-34,2,Under 30,Capital Appreciation,Wealth Creation,Returns,Health Care,Newspapers and Magazines,20%-30%,1-3 years,Medium Term,Yes
16,Fixed_Deposits,4.0,Fixed Deposit,Moderate Preference,7,fixed_deposit,Moderate Preference,4.0,5,0,0,fixed_deposit,Male,27.0,25-34,2,Under 30,Capital Appreciation,Wealth Creation,Returns,Health Care,Newspapers and Magazines,20%-30%,1-3 years,Medium Term,Yes
16,Government_Bonds,5.0,Government Bond,Moderate Preference,7,government_bond,Moderate Preference,3.0,4,0,0,government_bond,Male,27.0,25-34,2,Under 30,Capital Appreciation,Wealth Creation,Returns,Health Care,Newspapers and Magazines,20%-30%,1-3 years,Medium Term,Yes
16,Gold,6.0,Gold,Low Preference,7,gold,Low Preference,2.0,7,0,0,gold,Male,27.0,25-34,2,Under 30,Capital Appreciation,Wealth Creation,Returns,Health Care,Newspapers and Magazines,20%-30%,1-3 years,Medium Term,Yes
16,Debentures,7.0,Debenture,Lowest Preference,7,debenture,Lowest Preference,1.0,3,0,0,debenture,Male,27.0,25-34,2,Under 30,Capital Appreciation,Wealth Creation,Returns,Health Care,Newspapers and Magazines,20%-30%,1-3 years,Medium Term,Yes
17,PPF,1.0,PPF,Highest Preference,7,ppf,Highest Preference,7.0,6,1,1,ppf,Female,28.0,25-34,2,Under 30,Growth,Wealth Creation,Risk,Health Care,Television,20%-30%,1-3 years,Medium Term,Yes
17,Equity_Market,2.0,Equity,High Preference,7,equity,High Preference,6.0,2,0,1,equity,Female,28.0,25-34,2,Under 30,Growth,Wealth Creation,Risk,Health Care,Television,20%-30%,1-3 years,Medium Term,Yes
17,Mutual_Funds,3.0,Mutual Fund,Moderate Preference,7,mutual_fund,Moderate Preference,5.0,1,0,1,mutual_fund,Female,28.0,25-34,2,Under 30,Growth,Wealth Creation,Risk,Health Care,Television,20%-30%,1-3 years,Medium Term,Yes
17,Fixed_Deposits,4.0,Fixed Deposit,Moderate Preference,7,fixed_deposit,Moderate Preference,4.0,5,0,0,fixed_deposit,Female,28.0,25-34,2,Under 30,Growth,Wealth Creation,Risk,Health Care,Television,20%-30%,1-3 years,Medium Term,Yes
17,Government_Bonds,5.0,Government Bond,Moderate Preference,7,government_bond,Moderate Preference,3.0,4,0,0,government_bond,Female,28.0,25-34,2,Under 30,Growth,Wealth Creation,Risk,Health Care,Television,20%-30%,1-3 years,Medium Term,Yes
17,Gold,6.0,Gold,Low Preference,7,gold,Low Preference,2.0,7,0,0,gold,Female,28.0,25-34,2,Under 30,Growth,Wealth Creation,Risk,Health Care,Television,20%-30%,1-3 years,Medium Term,Yes
17,Debentures,7.0,Debenture,Lowest Preference,7,debenture,Lowest Preference,1.0,3,0,0,debenture,Female,28.0,25-34,2,Under 30,Growth,Wealth Creation,Risk,Health Care,Television,20%-30%,1-3 years,Medium Term,Yes
18,PPF,1.0,PPF,Highest Preference,7,ppf,Highest Preference,7.0,6,1,1,ppf,Male,27.0,25-34,2,Under 30,Capital Appreciation,Wealth Creation,Returns,Retirement Plan,Financial Consultants,20%-30%,1-3 years,Medium Term,Yes
18,Equity_Market,2.0,Equity,High Preference,7,equity,High Preference,6.0,2,0,1,equity,Male,27.0,25-34,2,Under 30,Capital Appreciation,Wealth Creation,Returns,Retirement Plan,Financial Consultants,20%-30%,1-3 years,Medium Term,Yes
18,Mutual_Funds,3.0,Mutual Fund,Moderate Preference,7,mutual_fund,Moderate Preference,5.0,1,0,1,mutual_fund,Male,27.0,25-34,2,Under 30,Capital Appreciation,Wealth Creation,Returns,Retirement Plan,Financial Consultants,20%-30%,1-3 years,Medium Term,Yes
18,Government_Bonds,4.0,Government Bond,Moderate Preference,7,government_bond,Moderate Preference,4.0,4,0,0,government_bond,Male,27.0,25-34,2,Under 30,Capital Appreciation,Wealth Creation,Returns,Retirement Plan,Financial Consultants,20%-30%,1-3 years,Medium Term,Yes
18,Fixed_Deposits,5.0,Fixed Deposit,Moderate Preference,7,fixed_deposit,Moderate Preference,3.0,5,0,0,fixed_deposit,Male,27.0,25-34,2,Under 30,Capital Appreciation,Wealth Creation,Returns,Retirement Plan,Financial Consultants,20%-30%,1-3 years,Medium Term,Yes
18,Gold,6.0,Gold,Low Preference,7,gold,Low Preference,2.0,7,0,0,gold,Male,27.0,25-34,2,Under 30,Capital Appreciation,Wealth Creation,Returns,Retirement Plan,Financial Consultants,20%-30%,1-3 years,Medium Term,Yes
18,Debentures,7.0,Debenture,Lowest Preference,7,debenture,Lowest Preference,1.0,3,0,0,debenture,Male,27.0,25-34,2,Under 30,Capital Appreciation,Wealth Creation,Returns,Retirement Plan,Financial Consultants,20%-30%,1-3 years,Medium Term,Yes
19,PPF,1.0,PPF,Highest Preference,7,ppf,Highest Preference,7.0,6,1,1,ppf,Male,29.0,25-34,2,Under 30,Capital Appreciation,Wealth Creation,Risk,Retirement Plan,Newspapers and Magazines,20%-30%,1-3 years,Medium Term,Yes
19,Equity_Market,2.0,Equity,High Preference,7,equity,High Preference,6.0,2,0,1,equity,Male,29.0,25-34,2,Under 30,Capital Appreciation,Wealth Creation,Risk,Retirement Plan,Newspapers and Magazines,20%-30%,1-3 years,Medium Term,Yes
19,Mutual_Funds,3.0,Mutual Fund,Moderate Preference,7,mutual_fund,Moderate Preference,5.0,1,0,1,mutual_fund,Male,29.0,25-34,2,Under 30,Capital Appreciation,Wealth Creation,Risk,Retirement Plan,Newspapers and Magazines,20%-30%,1-3 years,Medium Term,Yes
19,Government_Bonds,4.0,Government Bond,Moderate Preference,7,government_bond,Moderate Preference,4.0,4,0,0,government_bond,Male,29.0,25-34,2,Under 30,Capital Appreciation,Wealth Creation,Risk,Retirement Plan,Newspapers and Magazines,20%-30%,1-3 years,Medium Term,Yes
19,Fixed_Deposits,5.0,Fixed Deposit,Moderate Preference,7,fixed_deposit,Moderate Preference,3.0,5,0,0,fixed_deposit,Male,29.0,25-34,2,Under 30,Capital Appreciation,Wealth Creation,Risk,Retirement Plan,Newspapers and Magazines,20%-30%,1-3 years,Medium Term,Yes
19,Gold,6.0,Gold,Low Preference,7,gold,Low Preference,2.0,7,0,0,gold,Male,29.0,25-34,2,Under 30,Capital Appreciation,Wealth Creation,Risk,Retirement Plan,Newspapers and Magazines,20%-30%,1-3 years,Medium Term,Yes
19,Debentures,7.0,Debenture,Lowest Preference,7,debenture,Lowest Preference,1.0,3,0,0,debenture,Male,29.0,25-34,2,Under 30,Capital Appreciation,Wealth Creation,Risk,Retirement Plan,Newspapers and Magazines,20%-30%,1-3 years,Medium Term,Yes
20,Fixed_Deposits,1.0,Fixed Deposit,Highest Preference,7,fixed_deposit,Highest Preference,7.0,5,1,1,fixed_deposit,Male,26.0,25-34,2,Under 30,Capital Appreciation,Wealth Creation,Risk,Health Care,Newspapers and Magazines,20%-30%,3-5 years,Medium Term,Yes
20,PPF,2.0,PPF,High Preference,7,ppf,High Preference,6.0,6,0,1,ppf,Male,26.0,25-34,2,Under 30,Capital Appreciation,Wealth Creation,Risk,Health Care,Newspapers and Magazines,20%-30%,3-5 years,Medium Term,Yes
20,Mutual_Funds,3.0,Mutual Fund,Moderate Preference,7,mutual_fund,Moderate Preference,5.0,1,0,1,mutual_fund,Male,26.0,25-34,2,Under 30,Capital Appreciation,Wealth Creation,Risk,Health Care,Newspapers and Magazines,20%-30%,3-5 years,Medium Term,Yes
20,Equity_Market,4.0,Equity,Moderate Preference,7,equity,Moderate Preference,4.0,2,0,0,equity,Male,26.0,25-34,2,Under 30,Capital Appreciation,Wealth Creation,Risk,Health Care,Newspapers and Magazines,20%-30%,3-5 years,Medium Term,Yes
20,Government_Bonds,5.0,Government Bond,Moderate Preference,7,government_bond,Moderate Preference,3.0,4,0,0,government_bond,Male,26.0,25-34,2,Under 30,Capital Appreciation,Wealth Creation,Risk,Health Care,Newspapers and Magazines,20%-30%,3-5 years,Medium Term,Yes
20,Debentures,6.0,Debenture,Low Preference,7,debenture,Low Preference,2.0,3,0,0,debenture,Male,26.0,25-34,2,Under 30,Capital Appreciation,Wealth Creation,Risk,Health Care,Newspapers and Magazines,20%-30%,3-5 years,Medium Term,Yes
20,Gold,7.0,Gold,Lowest Preference,7,gold,Lowest Preference,1.0,7,0,0,gold,Male,26.0,25-34,2,Under 30,Capital Appreciation,Wealth Creation,Risk,Health Care,Newspapers and Magazines,20%-30%,3-5 years,Medium Term,Yes
21,PPF,1.0,PPF,Highest Preference,7,ppf,Highest Preference,7.0,6,1,1,ppf,Male,29.0,25-34,2,Under 30,Growth,Wealth Creation,Returns,Retirement Plan,Financial Consultants,20%-30%,3-5 years,Medium Term,Yes
21,Mutual_Funds,2.0,Mutual Fund,High Preference,7,mutual_fund,High Preference,6.0,1,0,1,mutual_fund,Male,29.0,25-34,2,Under 30,Growth,Wealth Creation,Returns,Retirement Plan,Financial Consultants,20%-30%,3-5 years,Medium Term,Yes
21,Fixed_Deposits,3.0,Fixed Deposit,Moderate Preference,7,fixed_deposit,Moderate Preference,5.0,5,0,1,fixed_deposit,Male,29.0,25-34,2,Under 30,Growth,Wealth Creation,Returns,Retirement Plan,Financial Consultants,20%-30%,3-5 years,Medium Term,Yes
21,Equity_Market,4.0,Equity,Moderate Preference,7,equity,Moderate Preference,4.0,2,0,0,equity,Male,29.0,25-34,2,Under 30,Growth,Wealth Creation,Returns,Retirement Plan,Financial Consultants,20%-30%,3-5 years,Medium Term,Yes
21,Government_Bonds,5.0,Government Bond,Moderate Preference,7,government_bond,Moderate Preference,3.0,4,0,0,government_bond,Male,29.0,25-34,2,Under 30,Growth,Wealth Creation,Returns,Retirement Plan,Financial Consultants,20%-30%,3-5 years,Medium Term,Yes
21,Gold,6.0,Gold,Low Preference,7,gold,Low Preference,2.0,7,0,0,gold,Male,29.0,25-34,2,Under 30,Growth,Wealth Creation,Returns,Retirement Plan,Financial Consultants,20%-30%,3-5 years,Medium Term,Yes
21,Debentures,7.0,Debenture,Lowest Preference,7,debenture,Lowest Preference,1.0,3,0,0,debenture,Male,29.0,25-34,2,Under 30,Growth,Wealth Creation,Returns,Retirement Plan,Financial Consultants,20%-30%,3-5 years,Medium Term,Yes
22,PPF,1.0,PPF,Highest Preference,7,ppf,Highest Preference,7.0,6,1,1,ppf,Female,24.0,Under 25,1,Under 30,Capital Appreciation,Wealth Creation,Risk,Health Care,Newspapers and Magazines,20%-30%,3-5 years,Medium Term,Yes
22,Mutual_Funds,2.0,Mutual Fund,High Preference,7,mutual_fund,High Preference,6.0,1,0,1,mutual_fund,Female,24.0,Under 25,1,Under 30,Capital Appreciation,Wealth Creation,Risk,Health Care,Newspapers and Magazines,20%-30%,3-5 years,Medium Term,Yes
22,Fixed_Deposits,3.0,Fixed Deposit,Moderate Preference,7,fixed_deposit,Moderate Preference,5.0,5,0,1,fixed_deposit,Female,24.0,Under 25,1,Under 30,Capital Appreciation,Wealth Creation,Risk,Health Care,Newspapers and Magazines,20%-30%,3-5 years,Medium Term,Yes
22,Equity_Market,4.0,Equity,Moderate Preference,7,equity,Moderate Preference,4.0,2,0,0,equity,Female,24.0,Under 25,1,Under 30,Capital Appreciation,Wealth Creation,Risk,Health Care,Newspapers and Magazines,20%-30%,3-5 years,Medium Term,Yes
22,Debentures,5.0,Debenture,Moderate Preference,7,debenture,Moderate Preference,3.0,3,0,0,debenture,Female,24.0,Under 25,1,Under 30,Capital Appreciation,Wealth Creation,Risk,Health Care,Newspapers and Magazines,20%-30%,3-5 years,Medium Term,Yes
22,Government_Bonds,6.0,Government Bond,Low Preference,7,government_bond,Low Preference,2.0,4,0,0,government_bond,Female,24.0,Under 25,1,Under 30,Capital Appreciation,Wealth Creation,Risk,Health Care,Newspapers and Magazines,20%-30%,3-5 years,Medium Term,Yes
22,Gold,7.0,Gold,Lowest Preference,7,gold,Lowest Preference,1.0,7,0,0,gold,Female,24.0,Under 25,1,Under 30,Capital Appreciation,Wealth Creation,Risk,Health Care,Newspapers and Magazines,20%-30%,3-5 years,Medium Term,Yes
23,PPF,1.0,PPF,Highest Preference,7,ppf,Highest Preference,7.0,6,1,1,ppf,Male,27.0,25-34,2,Under 30,Capital Appreciation,Wealth Creation,Returns,Retirement Plan,Financial Consultants,20%-30%,3-5 years,Medium Term,Yes
23,Fixed_Deposits,2.0,Fixed Deposit,High Preference,7,fixed_deposit,High Preference,6.0,5,0,1,fixed_deposit,Male,27.0,25-34,2,Under 30,Capital Appreciation,Wealth Creation,Returns,Retirement Plan,Financial Consultants,20%-30%,3-5 years,Medium Term,Yes
23,Mutual_Funds,3.0,Mutual Fund,Moderate Preference,7,mutual_fund,Moderate Preference,5.0,1,0,1,mutual_fund,Male,27.0,25-34,2,Under 30,Capital Appreciation,Wealth Creation,Returns,Retirement Plan,Financial Consultants,20%-30%,3-5 years,Medium Term,Yes
23,Equity_Market,4.0,Equity,Moderate Preference,7,equity,Moderate Preference,4.0,2,0,0,equity,Male,27.0,25-34,2,Under 30,Capital Appreciation,Wealth Creation,Returns,Retirement Plan,Financial Consultants,20%-30%,3-5 years,Medium Term,Yes
23,Government_Bonds,5.0,Government Bond,Moderate Preference,7,government_bond,Moderate Preference,3.0,4,0,0,government_bond,Male,27.0,25-34,2,Under 30,Capital Appreciation,Wealth Creation,Returns,Retirement Plan,Financial Consultants,20%-30%,3-5 years,Medium Term,Yes
23,Debentures,6.0,Debenture,Low Preference,7,debenture,Low Preference,2.0,3,0,0,debenture,Male,27.0,25-34,2,Under 30,Capital Appreciation,Wealth Creation,Returns,Retirement Plan,Financial Consultants,20%-30%,3-5 years,Medium Term,Yes
23,Gold,7.0,Gold,Lowest Preference,7,gold,Lowest Preference,1.0,7,0,0,gold,Male,27.0,25-34,2,Under 30,Capital Appreciation,Wealth Creation,Returns,Retirement Plan,Financial Consultants,20%-30%,3-5 years,Medium Term,Yes
24,PPF,1.0,PPF,Highest Preference,7,ppf,Highest Preference,7.0,6,1,1,ppf,Male,25.0,25-34,2,Under 30,Growth,Savings for Future,Risk,Health Care,Financial Consultants,20%-30%,3-5 years,Medium Term,Yes
24,Mutual_Funds,2.0,Mutual Fund,High Preference,7,mutual_fund,High Preference,6.0,1,0,1,mutual_fund,Male,25.0,25-34,2,Under 30,Growth,Savings for Future,Risk,Health Care,Financial Consultants,20%-30%,3-5 years,Medium Term,Yes
24,Fixed_Deposits,3.0,Fixed Deposit,Moderate Preference,7,fixed_deposit,Moderate Preference,5.0,5,0,1,fixed_deposit,Male,25.0,25-34,2,Under 30,Growth,Savings for Future,Risk,Health Care,Financial Consultants,20%-30%,3-5 years,Medium Term,Yes
24,Equity_Market,4.0,Equity,Moderate Preference,7,equity,Moderate Preference,4.0,2,0,0,equity,Male,25.0,25-34,2,Under 30,Growth,Savings for Future,Risk,Health Care,Financial Consultants,20%-30%,3-5 years,Medium Term,Yes
24,Government_Bonds,5.0,Government Bond,Moderate Preference,7,government_bond,Moderate Preference,3.0,4,0,0,government_bond,Male,25.0,25-34,2,Under 30,Growth,Savings for Future,Risk,Health Care,Financial Consultants,20%-30%,3-5 years,Medium Term,Yes
24,Debentures,6.0,Debenture,Low Preference,7,debenture,Low Preference,2.0,3,0,0,debenture,Male,25.0,25-34,2,Under 30,Growth,Savings for Future,Risk,Health Care,Financial Consultants,20%-30%,3-5 years,Medium Term,Yes
24,Gold,7.0,Gold,Lowest Preference,7,gold,Lowest Preference,1.0,7,0,0,gold,Male,25.0,25-34,2,Under 30,Growth,Savings for Future,Risk,Health Care,Financial Consultants,20%-30%,3-5 years,Medium Term,Yes
25,PPF,1.0,PPF,Highest Preference,7,ppf,Highest Preference,7.0,6,1,1,ppf,Female,26.0,25-34,2,Under 30,Capital Appreciation,Wealth Creation,Returns,Retirement Plan,Newspapers and Magazines,30%-40%,3-5 years,Medium Term,Yes
25,Mutual_Funds,2.0,Mutual Fund,High Preference,7,mutual_fund,High Preference,6.0,1,0,1,mutual_fund,Female,26.0,25-34,2,Under 30,Capital Appreciation,Wealth Creation,Returns,Retirement Plan,Newspapers and Magazines,30%-40%,3-5 years,Medium Term,Yes
25,Equity_Market,3.0,Equity,Moderate Preference,7,equity,Moderate Preference,5.0,2,0,1,equity,Female,26.0,25-34,2,Under 30,Capital Appreciation,Wealth Creation,Returns,Retirement Plan,Newspapers and Magazines,30%-40%,3-5 years,Medium Term,Yes
25,Fixed_Deposits,4.0,Fixed Deposit,Moderate Preference,7,fixed_deposit,Moderate Preference,4.0,5,0,0,fixed_deposit,Female,26.0,25-34,2,Under 30,Capital Appreciation,Wealth Creation,Returns,Retirement Plan,Newspapers and Magazines,30%-40%,3-5 years,Medium Term,Yes
25,Government_Bonds,5.0,Government Bond,Moderate Preference,7,government_bond,Moderate Preference,3.0,4,0,0,government_bond,Female,26.0,25-34,2,Under 30,Capital Appreciation,Wealth Creation,Returns,Retirement Plan,Newspapers and Magazines,30%-40%,3-5 years,Medium Term,Yes
25,Gold,6.0,Gold,Low Preference,7,gold,Low Preference,2.0,7,0,0,gold,Female,26.0,25-34,2,Under 30,Capital Appreciation,Wealth Creation,Returns,Retirement Plan,Newspapers and Magazines,30%-40%,3-5 years,Medium Term,Yes
25,Debentures,7.0,Debenture,Lowest Preference,7,debenture,Lowest Preference,1.0,3,0,0,debenture,Female,26.0,25-34,2,Under 30,Capital Appreciation,Wealth Creation,Returns,Retirement Plan,Newspapers and Magazines,30%-40%,3-5 years,Medium Term,Yes
26,Fixed_Deposits,1.0,Fixed Deposit,Highest Preference,7,fixed_deposit,Highest Preference,7.0,5,1,1,fixed_deposit,Female,32.0,25-34,2,30+,Growth,Wealth Creation,Risk,Retirement Plan,Financial Consultants,20%-30%,3-5 years,Medium Term,Yes
26,PPF,2.0,PPF,High Preference,7,ppf,High Preference,6.0,6,0,1,ppf,Female,32.0,25-34,2,30+,Growth,Wealth Creation,Risk,Retirement Plan,Financial Consultants,20%-30%,3-5 years,Medium Term,Yes
26,Mutual_Funds,3.0,Mutual Fund,Moderate Preference,7,mutual_fund,Moderate Preference,5.0,1,0,1,mutual_fund,Female,32.0,25-34,2,30+,Growth,Wealth Creation,Risk,Retirement Plan,Financial Consultants,20%-30%,3-5 years,Medium Term,Yes
26,Equity_Market,4.0,Equity,Moderate Preference,7,equity,Moderate Preference,4.0,2,0,0,equity,Female,32.0,25-34,2,30+,Growth,Wealth Creation,Risk,Retirement Plan,Financial Consultants,20%-30%,3-5 years,Medium Term,Yes
26,Government_Bonds,5.0,Government Bond,Moderate Preference,7,government_bond,Moderate Preference,3.0,4,0,0,government_bond,Female,32.0,25-34,2,30+,Growth,Wealth Creation,Risk,Retirement Plan,Financial Consultants,20%-30%,3-5 years,Medium Term,Yes
26,Gold,6.0,Gold,Low Preference,7,gold,Low Preference,2.0,7,0,0,gold,Female,32.0,25-34,2,30+,Growth,Wealth Creation,Risk,Retirement Plan,Financial Consultants,20%-30%,3-5 years,Medium Term,Yes
26,Debentures,7.0,Debenture,Lowest Preference,7,debenture,Lowest Preference,1.0,3,0,0,debenture,Female,32.0,25-34,2,30+,Growth,Wealth Creation,Risk,Retirement Plan,Financial Consultants,20%-30%,3-5 years,Medium Term,Yes
27,Fixed_Deposits,1.0,Fixed Deposit,Highest Preference,7,fixed_deposit,Highest Preference,7.0,5,1,1,fixed_deposit,Male,26.0,25-34,2,Under 30,Capital Appreciation,Wealth Creation,Returns,Retirement Plan,Financial Consultants,20%-30%,3-5 years,Medium Term,Yes
27,PPF,2.0,PPF,High Preference,7,ppf,High Preference,6.0,6,0,1,ppf,Male,26.0,25-34,2,Under 30,Capital Appreciation,Wealth Creation,Returns,Retirement Plan,Financial Consultants,20%-30%,3-5 years,Medium Term,Yes
27,Mutual_Funds,3.0,Mutual Fund,Moderate Preference,7,mutual_fund,Moderate Preference,5.0,1,0,1,mutual_fund,Male,26.0,25-34,2,Under 30,Capital Appreciation,Wealth Creation,Returns,Retirement Plan,Financial Consultants,20%-30%,3-5 years,Medium Term,Yes
27,Equity_Market,4.0,Equity,Moderate Preference,7,equity,Moderate Preference,4.0,2,0,0,equity,Male,26.0,25-34,2,Under 30,Capital Appreciation,Wealth Creation,Returns,Retirement Plan,Financial Consultants,20%-30%,3-5 years,Medium Term,Yes
27,Government_Bonds,5.0,Government Bond,Moderate Preference,7,government_bond,Moderate Preference,3.0,4,0,0,government_bond,Male,26.0,25-34,2,Under 30,Capital Appreciation,Wealth Creation,Returns,Retirement Plan,Financial Consultants,20%-30%,3-5 years,Medium Term,Yes
27,Debentures,6.0,Debenture,Low Preference,7,debenture,Low Preference,2.0,3,0,0,debenture,Male,26.0,25-34,2,Under 30,Capital Appreciation,Wealth Creation,Returns,Retirement Plan,Financial Consultants,20%-30%,3-5 years,Medium Term,Yes
27,Gold,7.0,Gold,Lowest Preference,7,gold,Lowest Preference,1.0,7,0,0,gold,Male,26.0,25-34,2,Under 30,Capital Appreciation,Wealth Creation,Returns,Retirement Plan,Financial Consultants,20%-30%,3-5 years,Medium Term,Yes
28,PPF,1.0,PPF,Highest Preference,7,ppf,Highest Preference,7.0,6,1,1,ppf,Male,31.0,25-34,2,30+,Growth,Savings for Future,Risk,Health Care,Television,20%-30%,1-3 years,Medium Term,Yes
28,Mutual_Funds,2.0,Mutual Fund,High Preference,7,mutual_fund,High Preference,6.0,1,0,1,mutual_fund,Male,31.0,25-34,2,30+,Growth,Savings for Future,Risk,Health Care,Television,20%-30%,1-3 years,Medium Term,Yes
28,Equity_Market,3.0,Equity,Moderate Preference,7,equity,Moderate Preference,5.0,2,0,1,equity,Male,31.0,25-34,2,30+,Growth,Savings for Future,Risk,Health Care,Television,20%-30%,1-3 years,Medium Term,Yes
28,Fixed_Deposits,4.0,Fixed Deposit,Moderate Preference,7,fixed_deposit,Moderate Preference,4.0,5,0,0,fixed_deposit,Male,31.0,25-34,2,30+,Growth,Savings for Future,Risk,Health Care,Television,20%-30%,1-3 years,Medium Term,Yes
28,Gold,5.0,Gold,Moderate Preference,7,gold,Moderate Preference,3.0,7,0,0,gold,Male,31.0,25-34,2,30+,Growth,Savings for Future,Risk,Health Care,Television,20%-30%,1-3 years,Medium Term,Yes
28,Government_Bonds,6.0,Government Bond,Low Preference,7,government_bond,Low Preference,2.0,4,0,0,government_bond,Male,31.0,25-34,2,30+,Growth,Savings for Future,Risk,Health Care,Television,20%-30%,1-3 years,Medium Term,Yes
28,Debentures,7.0,Debenture,Lowest Preference,7,debenture,Lowest Preference,1.0,3,0,0,debenture,Male,31.0,25-34,2,30+,Growth,Savings for Future,Risk,Health Care,Television,20%-30%,1-3 years,Medium Term,Yes
29,Fixed_Deposits,1.0,Fixed Deposit,Highest Preference,7,fixed_deposit,Highest Preference,7.0,5,1,1,fixed_deposit,Male,29.0,25-34,2,Under 30,Capital Appreciation,Wealth Creation,Returns,Retirement Plan,Television,20%-30%,1-3 years,Medium Term,Yes
29,Mutual_Funds,2.0,Mutual Fund,High Preference,7,mutual_fund,High Preference,6.0,1,0,1,mutual_fund,Male,29.0,25-34,2,Under 30,Capital Appreciation,Wealth Creation,Returns,Retirement Plan,Television,20%-30%,1-3 years,Medium Term,Yes
29,Equity_Market,3.0,Equity,Moderate Preference,7,equity,Moderate Preference,5.0,2,0,1,equity,Male,29.0,25-34,2,Under 30,Capital Appreciation,Wealth Creation,Returns,Retirement Plan,Television,20%-30%,1-3 years,Medium Term,Yes
29,PPF,4.0,PPF,Moderate Preference,7,ppf,Moderate Preference,4.0,6,0,0,ppf,Male,29.0,25-34,2,Under 30,Capital Appreciation,Wealth Creation,Returns,Retirement Plan,Television,20%-30%,1-3 years,Medium Term,Yes
29,Government_Bonds,5.0,Government Bond,Moderate Preference,7,government_bond,Moderate Preference,3.0,4,0,0,government_bond,Male,29.0,25-34,2,Under 30,Capital Appreciation,Wealth Creation,Returns,Retirement Plan,Television,20%-30%,1-3 years,Medium Term,Yes
29,Debentures,6.0,Debenture,Low Preference,7,debenture,Low Preference,2.0,3,0,0,debenture,Male,29.0,25-34,2,Under 30,Capital Appreciation,Wealth Creation,Returns,Retirement Plan,Television,20%-30%,1-3 years,Medium Term,Yes
29,Gold,7.0,Gold,Lowest Preference,7,gold,Lowest Preference,1.0,7,0,0,gold,Male,29.0,25-34,2,Under 30,Capital Appreciation,Wealth Creation,Returns,Retirement Plan,Television,20%-30%,1-3 years,Medium Term,Yes
30,PPF,1.0,PPF,Highest Preference,7,ppf,Highest Preference,7.0,6,1,1,ppf,Female,34.0,25-34,2,30+,Income,Returns,Returns,Retirement Plan,Newspapers and Magazines,10%-20%,3-5 years,Medium Term,Yes
30,Government_Bonds,2.0,Government Bond,High Preference,7,government_bond,High Preference,6.0,4,0,1,government_bond,Female,34.0,25-34,2,30+,Income,Returns,Returns,Retirement Plan,Newspapers and Magazines,10%-20%,3-5 years,Medium Term,Yes
30,Debentures,3.0,Debenture,Moderate Preference,7,debenture,Moderate Preference,5.0,3,0,1,debenture,Female,34.0,25-34,2,30+,Income,Returns,Returns,Retirement Plan,Newspapers and Magazines,10%-20%,3-5 years,Medium Term,Yes
30,Equity_Market,4.0,Equity,Moderate Preference,7,equity,Moderate Preference,4.0,2,0,0,equity,Female,34.0,25-34,2,30+,Income,Returns,Returns,Retirement Plan,Newspapers and Magazines,10%-20%,3-5 years,Medium Term,Yes
30,Mutual_Funds,5.0,Mutual Fund,Moderate Preference,7,mutual_fund,Moderate Preference,3.0,1,0,0,mutual_fund,Female,34.0,25-34,2,30+,Income,Returns,Returns,Retirement Plan,Newspapers and Magazines,10%-20%,3-5 years,Medium Term,Yes
30,Gold,6.0,Gold,Low Preference,7,gold,Low Preference,2.0,7,0,0,gold,Female,34.0,25-34,2,30+,Income,Returns,Returns,Retirement Plan,Newspapers and Magazines,10%-20%,3-5 years,Medium Term,Yes
30,Fixed_Deposits,7.0,Fixed Deposit,Lowest Preference,7,fixed_deposit,Lowest Preference,1.0,5,0,0,fixed_deposit,Female,34.0,25-34,2,30+,Income,Returns,Returns,Retirement Plan,Newspapers and Magazines,10%-20%,3-5 years,Medium Term,Yes
31,Debentures,1.0,Debenture,Highest Preference,7,debenture,Highest Preference,7.0,3,1,1,debenture,Male,27.0,25-34,2,Under 30,Growth,Wealth Creation,Returns,Education,Television,10%-20%,1-3 years,Medium Term,Yes
31,Government_Bonds,2.0,Government Bond,High Preference,7,government_bond,High Preference,6.0,4,0,1,government_bond,Male,27.0,25-34,2,Under 30,Growth,Wealth Creation,Returns,Education,Television,10%-20%,1-3 years,Medium Term,Yes
31,PPF,3.0,PPF,Moderate Preference,7,ppf,Moderate Preference,5.0,6,0,1,ppf,Male,27.0,25-34,2,Under 30,Growth,Wealth Creation,Returns,Education,Television,10%-20%,1-3 years,Medium Term,Yes
31,Mutual_Funds,4.0,Mutual Fund,Moderate Preference,7,mutual_fund,Moderate Preference,4.0,1,0,0,mutual_fund,Male,27.0,25-34,2,Under 30,Growth,Wealth Creation,Returns,Education,Television,10%-20%,1-3 years,Medium Term,Yes
31,Equity_Market,5.0,Equity,Moderate Preference,7,equity,Moderate Preference,3.0,2,0,0,equity,Male,27.0,25-34,2,Under 30,Growth,Wealth Creation,Returns,Education,Television,10%-20%,1-3 years,Medium Term,Yes
31,Gold,6.0,Gold,Low Preference,7,gold,Low Preference,2.0,7,0,0,gold,Male,27.0,25-34,2,Under 30,Growth,Wealth Creation,Returns,Education,Television,10%-20%,1-3 years,Medium Term,Yes
31,Fixed_Deposits,7.0,Fixed Deposit,Lowest Preference,7,fixed_deposit,Lowest Preference,1.0,5,0,0,fixed_deposit,Male,27.0,25-34,2,Under 30,Growth,Wealth Creation,Returns,Education,Television,10%-20%,1-3 years,Medium Term,Yes
32,PPF,1.0,PPF,Highest Preference,7,ppf,Highest Preference,7.0,6,1,1,ppf,Female,31.0,25-34,2,30+,Capital Appreciation,Wealth Creation,Returns,Retirement Plan,Financial Consultants,20%-30%,3-5 years,Medium Term,Yes
32,Mutual_Funds,2.0,Mutual Fund,High Preference,7,mutual_fund,High Preference,6.0,1,0,1,mutual_fund,Female,31.0,25-34,2,30+,Capital Appreciation,Wealth Creation,Returns,Retirement Plan,Financial Consultants,20%-30%,3-5 years,Medium Term,Yes
32,Fixed_Deposits,3.0,Fixed Deposit,Moderate Preference,7,fixed_deposit,Moderate Preference,5.0,5,0,1,fixed_deposit,Female,31.0,25-34,2,30+,Capital Appreciation,Wealth Creation,Returns,Retirement Plan,Financial Consultants,20%-30%,3-5 years,Medium Term,Yes
32,Equity_Market,4.0,Equity,Moderate Preference,7,equity,Moderate Preference,4.0,2,0,0,equity,Female,31.0,25-34,2,30+,Capital Appreciation,Wealth Creation,Returns,Retirement Plan,Financial Consultants,20%-30%,3-5 years,Medium Term,Yes
32,Gold,5.0,Gold,Moderate Preference,7,gold,Moderate Preference,3.0,7,0,0,gold,Female,31.0,25-34,2,30+,Capital Appreciation,Wealth Creation,Returns,Retirement Plan,Financial Consultants,20%-30%,3-5 years,Medium Term,Yes
32,Government_Bonds,6.0,Government Bond,Low Preference,7,government_bond,Low Preference,2.0,4,0,0,government_bond,Female,31.0,25-34,2,30+,Capital Appreciation,Wealth Creation,Returns,Retirement Plan,Financial Consultants,20%-30%,3-5 years,Medium Term,Yes
32,Debentures,7.0,Debenture,Lowest Preference,7,debenture,Lowest Preference,1.0,3,0,0,debenture,Female,31.0,25-34,2,30+,Capital Appreciation,Wealth Creation,Returns,Retirement Plan,Financial Consultants,20%-30%,3-5 years,Medium Term,Yes
33,Fixed_Deposits,1.0,Fixed Deposit,Highest Preference,7,fixed_deposit,Highest Preference,7.0,5,1,1,fixed_deposit,Male,27.0,25-34,2,Under 30,Capital Appreciation,Wealth Creation,Returns,Health Care,Newspapers and Magazines,30%-40%,3-5 years,Medium Term,Yes
33,Mutual_Funds,2.0,Mutual Fund,High Preference,7,mutual_fund,High Preference,6.0,1,0,1,mutual_fund,Male,27.0,25-34,2,Under 30,Capital Appreciation,Wealth Creation,Returns,Health Care,Newspapers and Magazines,30%-40%,3-5 years,Medium Term,Yes
33,PPF,3.0,PPF,Moderate Preference,7,ppf,Moderate Preference,5.0,6,0,1,ppf,Male,27.0,25-34,2,Under 30,Capital Appreciation,Wealth Creation,Returns,Health Care,Newspapers and Magazines,30%-40%,3-5 years,Medium Term,Yes
33,Equity_Market,4.0,Equity,Moderate Preference,7,equity,Moderate Preference,4.0,2,0,0,equity,Male,27.0,25-34,2,Under 30,Capital Appreciation,Wealth Creation,Returns,Health Care,Newspapers and Magazines,30%-40%,3-5 years,Medium Term,Yes
33,Government_Bonds,5.0,Government Bond,Moderate Preference,7,government_bond,Moderate Preference,3.0,4,0,0,government_bond,Male,27.0,25-34,2,Under 30,Capital Appreciation,Wealth Creation,Returns,Health Care,Newspapers and Magazines,30%-40%,3-5 years,Medium Term,Yes
33,Gold,6.0,Gold,Low Preference,7,gold,Low Preference,2.0,7,0,0,gold,Male,27.0,25-34,2,Under 30,Capital Appreciation,Wealth Creation,Returns,Health Care,Newspapers and Magazines,30%-40%,3-5 years,Medium Term,Yes
33,Debentures,7.0,Debenture,Lowest Preference,7,debenture,Lowest Preference,1.0,3,0,0,debenture,Male,27.0,25-34,2,Under 30,Capital Appreciation,Wealth Creation,Returns,Health Care,Newspapers and Magazines,30%-40%,3-5 years,Medium Term,Yes
34,Fixed_Deposits,1.0,Fixed Deposit,Highest Preference,7,fixed_deposit,Highest Preference,7.0,5,1,1,fixed_deposit,Male,26.0,25-34,2,Under 30,Capital Appreciation,Returns,Returns,Education,Newspapers and Magazines,20%-30%,1-3 years,Medium Term,Yes
34,Mutual_Funds,2.0,Mutual Fund,High Preference,7,mutual_fund,High Preference,6.0,1,0,1,mutual_fund,Male,26.0,25-34,2,Under 30,Capital Appreciation,Returns,Returns,Education,Newspapers and Magazines,20%-30%,1-3 years,Medium Term,Yes
34,Equity_Market,3.0,Equity,Moderate Preference,7,equity,Moderate Preference,5.0,2,0,1,equity,Male,26.0,25-34,2,Under 30,Capital Appreciation,Returns,Returns,Education,Newspapers and Magazines,20%-30%,1-3 years,Medium Term,Yes
34,Government_Bonds,4.0,Government Bond,Moderate Preference,7,government_bond,Moderate Preference,4.0,4,0,0,government_bond,Male,26.0,25-34,2,Under 30,Capital Appreciation,Returns,Returns,Education,Newspapers and Magazines,20%-30%,1-3 years,Medium Term,Yes
34,PPF,5.0,PPF,Moderate Preference,7,ppf,Moderate Preference,3.0,6,0,0,ppf,Male,26.0,25-34,2,Under 30,Capital Appreciation,Returns,Returns,Education,Newspapers and Magazines,20%-30%,1-3 years,Medium Term,Yes
34,Debentures,6.0,Debenture,Low Preference,7,debenture,Low Preference,2.0,3,0,0,debenture,Male,26.0,25-34,2,Under 30,Capital Appreciation,Returns,Returns,Education,Newspapers and Magazines,20%-30%,1-3 years,Medium Term,Yes
34,Gold,7.0,Gold,Lowest Preference,7,gold,Lowest Preference,1.0,7,0,0,gold,Male,26.0,25-34,2,Under 30,Capital Appreciation,Returns,Returns,Education,Newspapers and Magazines,20%-30%,1-3 years,Medium Term,Yes
35,PPF,1.0,PPF,Highest Preference,7,ppf,Highest Preference,7.0,6,1,1,ppf,Male,27.0,25-34,2,Under 30,Capital Appreciation,Wealth Creation,Returns,Health Care,Financial Consultants,20%-30%,1-3 years,Medium Term,Yes
35,Mutual_Funds,2.0,Mutual Fund,High Preference,7,mutual_fund,High Preference,6.0,1,0,1,mutual_fund,Male,27.0,25-34,2,Under 30,Capital Appreciation,Wealth Creation,Returns,Health Care,Financial Consultants,20%-30%,1-3 years,Medium Term,Yes
35,Equity_Market,3.0,Equity,Moderate Preference,7,equity,Moderate Preference,5.0,2,0,1,equity,Male,27.0,25-34,2,Under 30,Capital Appreciation,Wealth Creation,Returns,Health Care,Financial Consultants,20%-30%,1-3 years,Medium Term,Yes
35,Fixed_Deposits,4.0,Fixed Deposit,Moderate Preference,7,fixed_deposit,Moderate Preference,4.0,5,0,0,fixed_deposit,Male,27.0,25-34,2,Under 30,Capital Appreciation,Wealth Creation,Returns,Health Care,Financial Consultants,20%-30%,1-3 years,Medium Term,Yes
35,Government_Bonds,5.0,Government Bond,Moderate Preference,7,government_bond,Moderate Preference,3.0,4,0,0,government_bond,Male,27.0,25-34,2,Under 30,Capital Appreciation,Wealth Creation,Returns,Health Care,Financial Consultants,20%-30%,1-3 years,Medium Term,Yes
35,Debentures,6.0,Debenture,Low Preference,7,debenture,Low Preference,2.0,3,0,0,debenture,Male,27.0,25-34,2,Under 30,Capital Appreciation,Wealth Creation,Returns,Health Care,Financial Consultants,20%-30%,1-3 years,Medium Term,Yes
35,Gold,7.0,Gold,Lowest Preference,7,gold,Lowest Preference,1.0,7,0,0,gold,Male,27.0,25-34,2,Under 30,Capital Appreciation,Wealth Creation,Returns,Health Care,Financial Consultants,20%-30%,1-3 years,Medium Term,Yes
36,Mutual_Funds,1.0,Mutual Fund,Highest Preference,7,mutual_fund,Highest Preference,7.0,1,1,1,mutual_fund,Male,30.0,25-34,2,30+,Growth,Wealth Creation,Risk,Health Care,Financial Consultants,20%-30%,3-5 years,Medium Term,Yes
36,PPF,2.0,PPF,High Preference,7,ppf,High Preference,6.0,6,0,1,ppf,Male,30.0,25-34,2,30+,Growth,Wealth Creation,Risk,Health Care,Financial Consultants,20%-30%,3-5 years,Medium Term,Yes
36,Fixed_Deposits,3.0,Fixed Deposit,Moderate Preference,7,fixed_deposit,Moderate Preference,5.0,5,0,1,fixed_deposit,Male,30.0,25-34,2,30+,Growth,Wealth Creation,Risk,Health Care,Financial Consultants,20%-30%,3-5 years,Medium Term,Yes
36,Equity_Market,4.0,Equity,Moderate Preference,7,equity,Moderate Preference,4.0,2,0,0,equity,Male,30.0,25-34,2,30+,Growth,Wealth Creation,Risk,Health Care,Financial Consultants,20%-30%,3-5 years,Medium Term,Yes
36,Government_Bonds,5.0,Government Bond,Moderate Preference,7,government_bond,Moderate Preference,3.0,4,0,0,government_bond,Male,30.0,25-34,2,30+,Growth,Wealth Creation,Risk,Health Care,Financial Consultants,20%-30%,3-5 years,Medium Term,Yes
36,Debentures,6.0,Debenture,Low Preference,7,debenture,Low Preference,2.0,3,0,0,debenture,Male,30.0,25-34,2,30+,Growth,Wealth Creation,Risk,Health Care,Financial Consultants,20%-30%,3-5 years,Medium Term,Yes
36,Gold,7.0,Gold,Lowest Preference,7,gold,Lowest Preference,1.0,7,0,0,gold,Male,30.0,25-34,2,30+,Growth,Wealth Creation,Risk,Health Care,Financial Consultants,20%-30%,3-5 years,Medium Term,Yes
37,Fixed_Deposits,1.0,Fixed Deposit,Highest Preference,7,fixed_deposit,Highest Preference,7.0,5,1,1,fixed_deposit,Male,30.0,25-34,2,30+,Capital Appreciation,Wealth Creation,Returns,Retirement Plan,Newspapers and Magazines,20%-30%,1-3 years,Medium Term,Yes
37,Mutual_Funds,2.0,Mutual Fund,High Preference,7,mutual_fund,High Preference,6.0,1,0,1,mutual_fund,Male,30.0,25-34,2,30+,Capital Appreciation,Wealth Creation,Returns,Retirement Plan,Newspapers and Magazines,20%-30%,1-3 years,Medium Term,Yes
37,PPF,3.0,PPF,Moderate Preference,7,ppf,Moderate Preference,5.0,6,0,1,ppf,Male,30.0,25-34,2,30+,Capital Appreciation,Wealth Creation,Returns,Retirement Plan,Newspapers and Magazines,20%-30%,1-3 years,Medium Term,Yes
37,Equity_Market,4.0,Equity,Moderate Preference,7,equity,Moderate Preference,4.0,2,0,0,equity,Male,30.0,25-34,2,30+,Capital Appreciation,Wealth Creation,Returns,Retirement Plan,Newspapers and Magazines,20%-30%,1-3 years,Medium Term,Yes
37,Government_Bonds,5.0,Government Bond,Moderate Preference,7,government_bond,Moderate Preference,3.0,4,0,0,government_bond,Male,30.0,25-34,2,30+,Capital Appreciation,Wealth Creation,Returns,Retirement Plan,Newspapers and Magazines,20%-30%,1-3 years,Medium Term,Yes
37,Gold,6.0,Gold,Low Preference,7,gold,Low Preference,2.0,7,0,0,gold,Male,30.0,25-34,2,30+,Capital Appreciation,Wealth Creation,Returns,Retirement Plan,Newspapers and Magazines,20%-30%,1-3 years,Medium Term,Yes
37,Debentures,7.0,Debenture,Lowest Preference,7,debenture,Lowest Preference,1.0,3,0,0,debenture,Male,30.0,25-34,2,30+,Capital Appreciation,Wealth Creation,Returns,Retirement Plan,Newspapers and Magazines,20%-30%,1-3 years,Medium Term,Yes
38,Fixed_Deposits,1.0,Fixed Deposit,Highest Preference,7,fixed_deposit,Highest Preference,7.0,5,1,1,fixed_deposit,Male,25.0,25-34,2,Under 30,Growth,Savings for Future,Risk,Health Care,Financial Consultants,30%-40%,3-5 years,Medium Term,Yes
38,PPF,2.0,PPF,High Preference,7,ppf,High Preference,6.0,6,0,1,ppf,Male,25.0,25-34,2,Under 30,Growth,Savings for Future,Risk,Health Care,Financial Consultants,30%-40%,3-5 years,Medium Term,Yes
38,Gold,3.0,Gold,Moderate Preference,7,gold,Moderate Preference,5.0,7,0,1,gold,Male,25.0,25-34,2,Under 30,Growth,Savings for Future,Risk,Health Care,Financial Consultants,30%-40%,3-5 years,Medium Term,Yes
38,Equity_Market,4.0,Equity,Moderate Preference,7,equity,Moderate Preference,4.0,2,0,0,equity,Male,25.0,25-34,2,Under 30,Growth,Savings for Future,Risk,Health Care,Financial Consultants,30%-40%,3-5 years,Medium Term,Yes
38,Mutual_Funds,5.0,Mutual Fund,Moderate Preference,7,mutual_fund,Moderate Preference,3.0,1,0,0,mutual_fund,Male,25.0,25-34,2,Under 30,Growth,Savings for Future,Risk,Health Care,Financial Consultants,30%-40%,3-5 years,Medium Term,Yes
38,Government_Bonds,6.0,Government Bond,Low Preference,7,government_bond,Low Preference,2.0,4,0,0,government_bond,Male,25.0,25-34,2,Under 30,Growth,Savings for Future,Risk,Health Care,Financial Consultants,30%-40%,3-5 years,Medium Term,Yes
38,Debentures,7.0,Debenture,Lowest Preference,7,debenture,Lowest Preference,1.0,3,0,0,debenture,Male,25.0,25-34,2,Under 30,Growth,Savings for Future,Risk,Health Care,Financial Consultants,30%-40%,3-5 years,Medium Term,Yes
39,PPF,1.0,PPF,Highest Preference,7,ppf,Highest Preference,7.0,6,1,1,ppf,Male,31.0,25-34,2,30+,Growth,Wealth Creation,Risk,Health Care,Newspapers and Magazines,20%-30%,1-3 years,Medium Term,Yes
39,Mutual_Funds,2.0,Mutual Fund,High Preference,7,mutual_fund,High Preference,6.0,1,0,1,mutual_fund,Male,31.0,25-34,2,30+,Growth,Wealth Creation,Risk,Health Care,Newspapers and Magazines,20%-30%,1-3 years,Medium Term,Yes
39,Fixed_Deposits,3.0,Fixed Deposit,Moderate Preference,7,fixed_deposit,Moderate Preference,5.0,5,0,1,fixed_deposit,Male,31.0,25-34,2,30+,Growth,Wealth Creation,Risk,Health Care,Newspapers and Magazines,20%-30%,1-3 years,Medium Term,Yes
39,Equity_Market,4.0,Equity,Moderate Preference,7,equity,Moderate Preference,4.0,2,0,0,equity,Male,31.0,25-34,2,30+,Growth,Wealth Creation,Risk,Health Care,Newspapers and Magazines,20%-30%,1-3 years,Medium Term,Yes
39,Government_Bonds,5.0,Government Bond,Moderate Preference,7,government_bond,Moderate Preference,3.0,4,0,0,government_bond,Male,31.0,25-34,2,30+,Growth,Wealth Creation,Risk,Health Care,Newspapers and Magazines,20%-30%,1-3 years,Medium Term,Yes
39,Gold,6.0,Gold,Low Preference,7,gold,Low Preference,2.0,7,0,0,gold,Male,31.0,25-34,2,30+,Growth,Wealth Creation,Risk,Health Care,Newspapers and Magazines,20%-30%,1-3 years,Medium Term,Yes
39,Debentures,7.0,Debenture,Lowest Preference,7,debenture,Lowest Preference,1.0,3,0,0,debenture,Male,31.0,25-34,2,30+,Growth,Wealth Creation,Risk,Health Care,Newspapers and Magazines,20%-30%,1-3 years,Medium Term,Yes
40,PPF,1.0,PPF,Highest Preference,7,ppf,Highest Preference,7.0,6,1,1,ppf,Male,29.0,25-34,2,Under 30,Capital Appreciation,Wealth Creation,Returns,Retirement Plan,Financial Consultants,20%-30%,3-5 years,Medium Term,Yes
40,Fixed_Deposits,2.0,Fixed Deposit,High Preference,7,fixed_deposit,High Preference,6.0,5,0,1,fixed_deposit,Male,29.0,25-34,2,Under 30,Capital Appreciation,Wealth Creation,Returns,Retirement Plan,Financial Consultants,20%-30%,3-5 years,Medium Term,Yes
40,Equity_Market,3.0,Equity,Moderate Preference,7,equity,Moderate Preference,5.0,2,0,1,equity,Male,29.0,25-34,2,Under 30,Capital Appreciation,Wealth Creation,Returns,Retirement Plan,Financial Consultants,20%-30%,3-5 years,Medium Term,Yes
40,Mutual_Funds,4.0,Mutual Fund,Moderate Preference,7,mutual_fund,Moderate Preference,4.0,1,0,0,mutual_fund,Male,29.0,25-34,2,Under 30,Capital Appreciation,Wealth Creation,Returns,Retirement Plan,Financial Consultants,20%-30%,3-5 years,Medium Term,Yes
40,Debentures,5.0,Debenture,Moderate Preference,7,debenture,Moderate Preference,3.0,3,0,0,debenture,Male,29.0,25-34,2,Under 30,Capital Appreciation,Wealth Creation,Returns,Retirement Plan,Financial Consultants,20%-30%,3-5 years,Medium Term,Yes
40,Gold,6.0,Gold,Low Preference,7,gold,Low Preference,2.0,7,0,0,gold,Male,29.0,25-34,2,Under 30,Capital Appreciation,Wealth Creation,Returns,Retirement Plan,Financial Consultants,20%-30%,3-5 years,Medium Term,Yes
40,Government_Bonds,7.0,Government Bond,Lowest Preference,7,government_bond,Lowest Preference,1.0,4,0,0,government_bond,Male,29.0,25-34,2,Under 30,Capital Appreciation,Wealth Creation,Returns,Retirement Plan,Financial Consultants,20%-30%,3-5 years,Medium Term,Yes
