Insight_Type,Insight,Priority
Investment Preference,PPF has the strongest overall investment preference with an average preference rank of 2.02. Lower rank indicates stronger preference.,High
Investment Objective,Capital Appreciation is the most common investment objective among the surveyed investors.,High
Information Source,Financial Consultants is the most frequently reported information source among survey respondents.,Medium
Investment Purpose,Wealth Creation is the most common reported investment purpose.,Medium
Decision Factor,Returns is the leading reported decision factor influencing investment choices.,Medium
Investment Horizon,3-5 years is the most common investment duration reported by respondents.,Medium
Expected Return,20%-30% is the most common expected-return range reported by respondents.,Medium
Female Investment Preference,"Among female respondents, PPF has the strongest preference based on the lowest average preference rank of 2.33.",Medium
Young Investor Preference,"Among investors under 30, PPF has the strongest preference based on average preference rank.",Medium
